platform,product_id,product_name,brand,category,subcategory,model,variant,mrp,selling_price,discount_pct,rating,review_count,availability,inventory,seller,product_url,search_query,city,latitude,longitude,scrape_timestamp
Amazon,B0GL8G49LV,"Galaxy S26 Ultra 5G (Cobalt Violet, 12GB RAM, 256GB Storage) with Built-in Privacy Display, AI Phone, Photo Assist, Creative Studio, 200MP Camera, 5000mAh Battery and Snapdragon 8 Elite Gen 5",,Smartphones,,,5G,169999.0,124999.0,26.47074394555262,4.5,179.0,True,1,,https://www.amazon.in/dp/B0GL8G49LV,iPhone,Bengaluru,12.9716,77.5946,2026-08-14 17:40:05.613287
Amazon,B0GGQRBL4N,"184 L 5 Star Direct-Cool Single Door Refrigerator with Intellisense Inverter Compressor (205 WDE ROY 5S Inv SAPPHIRE SPRING-Y, Blue, 2026 Model)",,Home Appliances,,,184 L,21700.0,17490.0,19.40092165898617,4.1,2200.0,True,1,,https://www.amazon.in/dp/B0GGQRBL4N,Whirlpool refrigerator,Bengaluru,12.9716,77.5946,2026-08-14 17:42:03.065307
Amazon,B0GY75ZCZS,"15 (2026), AMD Ryzen 3 Quad Core 7335U - (8 GB DDR5/512 GB SSD/AMD Radeon 660M Graphics/Windows 11 Home) Thin and Light Business Laptop/15.6"" Display/Turbo Silver/Copilot Key/1.5kg/MS Office 2024",,Laptops,,,1.5kg,62990.0,47960.0,23.86093030639784,3.8,8.0,True,1,,https://www.amazon.in/dp/B0GY75ZCZS,HP laptop,Bengaluru,12.9716,77.5946,2026-08-14 17:40:24.868000
Amazon,B0FDQLLKRP,"Galaxy Watch8 Classic (46mm LTE, White) with 3nm Processor | Dual GPS | Sapphire Glass & Stainless Steel | 5ATM & IP68 | BP, ECG, IHRN & Vascular Load Monitoring | Anti-oxidant Index",,Smartwatches,,,,59999.0,31999.0,46.667444457407626,4.2,174.0,True,1,,https://www.amazon.in/dp/B0FDQLLKRP,Samsung smartwatch,Bengaluru,12.9716,77.5946,2026-08-14 17:41:09.593657
Amazon,B0FZSWZZW2,15R | 12GB+256GB | Charcoal Black | World's First Snapdragon® 8 Gen 5 | 7400mAh Battery | Personalised AI | Game-Changing 165Hz Display | IP68 IP69 IP66 & IP69K | 4K 120fps Video,,Smartphones,,,,61000.0,59998.0,1.642622950819672,4.5,1500.0,True,1,,https://www.amazon.in/dp/B0FZSWZZW2,Xiaomi smartphone,Bengaluru,12.9716,77.5946,2026-08-14 17:40:18.206816
Amazon,B0F8BVSK21,"Airdopes 141 Gen 2, 4 Mics ENx Tech, 48 Hrs Playback, Free Music Streaming, Fast Charge, Low Latency, IPX4, v5.4 Bluetooth Earbuds, TWS Ear Buds Wireless Earphones with mic (Active Black)",,Headphones/Earbuds,,,,3990.0,799.0,79.9749373433584,3.9,90600.0,True,1,,https://www.amazon.in/dp/B0F8BVSK21,boAt earbuds,Bengaluru,12.9716,77.5946,2026-08-14 17:40:56.604498
Amazon,B0GPXCVXGJ,H5E Series 127cm (50) 4K Ultra HD Smart LED Google TV 50H5E,,Televisions,,,,55990.0,36490.0,34.827647794248975,4.4,10.0,True,1,,https://www.amazon.in/dp/B0GPXCVXGJ,Sony TV,Bengaluru,12.9716,77.5946,2026-08-14 17:41:42.480191
Amazon,B0GLPHXR6N,"New Live 780NC, Advanced Noise Cancellation 2.0 Wireless Headphones, Latest Technology (BT 6.0, Auracast, Hi-Res, LDAC, Spatial Sound, 6-mic, AI-Trained Algo) 80H Battery, 2Yrs* Warranty, Black | Bluetooth 6.0, Multipoint Connection, Up to 80 Hours Playtime, Customisable with the JBL Headphones App, Spatial Sound",,Headphones/Earbuds,,,,18999.0,14999.0,21.05373967050897,4.0,194.0,True,1,,https://www.amazon.in/dp/B0GLPHXR6N,JBL headphones,Bengaluru,12.9716,77.5946,2026-08-14 17:41:03.064524
Amazon,B0GMK9KF8Z,"Twist Round dial Smart Watch with Bluetooth Calling, 1.38"" TFT Display, up-to 7 Days Battery, 100+ Watch Faces, IP68, Heart Rate Monitor, Sleep Tracking (Blush Beige)",,Smartwatches,,,,3999.0,1599.0,60.01500375093774,4.0,56300.0,True,1,,https://www.amazon.in/dp/B0GMK9KF8Z,Noise smartwatch,Bengaluru,12.9716,77.5946,2026-08-14 17:41:16.647572
Amazon,B0DKFT2J9C,"Galaxy Watch 7 (44mm, Silver, BT+LTE) with 3nm Processor | Dual GPS | Sapphire Glass & Armour Aluminum | 5ATM & IP68 | HR, SpO2, BP & ECG Monitor",,Smartwatches,,,,39999.0,17990.0,55.02387559688992,4.5,107.0,True,1,,https://www.amazon.in/dp/B0DKFT2J9C,Samsung smartwatch,Bengaluru,12.9716,77.5946,2026-08-14 17:41:09.593688
Amazon,B0GHSYD43X,"Professional 15 (2026), Intel (i3 14th Gen) Core 3 100U - (8 GB DDR5/512 GB SSD/Intel UHD Graphics/Windows 11 Pro) Thin & Light Business Laptop/15.6"" FHD/Fingerprint/Silver/1.5kg/MS Office",,Laptops,,,1.5kg,70000.0,49990.0,28.585714285714285,2.8,16.0,True,1,,https://www.amazon.in/dp/B0GHSYD43X,HP laptop,Bengaluru,12.9716,77.5946,2026-08-14 17:40:24.868011
Amazon,B0FW3XS6YG,"Galaxy A17 5G (Blue, 8GB RAM, 128GB Storage) | 50 MP No Shake Camera | Gemini Live | Circle to Search | Super AMOLED | Corning Gorilla Glass Victus | 7.5mm Sleek | AI",,Smartphones,,,5G,24499.0,24499.0,0.0,4.1,156.0,True,1,,https://www.amazon.in/dp/B0FW3XS6YG,Samsung smartphone,Bengaluru,12.9716,77.5946,2026-08-14 17:39:58.649129
Amazon,B0GGQX86RB,"192 L 4 Star Icemagic Powercool Direct-Cool Single Door Refrigerator (215 IMPC PRM 4S SAPPHIRE PEONY-Y, Blue, 2026 Model)",,Home Appliances,,,192 L,21700.0,16290.0,24.930875576036865,4.1,116.0,True,1,,https://www.amazon.in/dp/B0GGQX86RB,Whirlpool refrigerator,Bengaluru,12.9716,77.5946,2026-08-14 17:42:03.065312
Amazon,B09BB7XMWQ,"Vivobook Go 14 (2026),AMD Ryzen 3 30 Processor,AMD Radeon iGPU,8GB RAM,512GB SSD,FHD,14"" (35.5 cm),Windows 11,M365 Basic(1Y)* Office 2024,Mixed Black,1.38 Kg,E1404FA-EB1414WS,Thin & Light Laptop",,Laptops,,,1.38 Kg,48990.0,44990.0,8.164931618697693,3.4,5.0,True,1,,https://www.amazon.in/dp/B09BB7XMWQ,ASUS laptop,Bengaluru,12.9716,77.5946,2026-08-14 17:40:43.706167
Amazon,B0D3DVRRKW,BRAVIA 80 cm (32 inches) HD Ready Smart LED Google TV KD-32W825 (Black),,Televisions,,,,34900.0,28990.0,16.93409742120344,4.7,382.0,True,1,,https://www.amazon.in/dp/B0D3DVRRKW,Sony TV,Bengaluru,12.9716,77.5946,2026-08-14 17:41:42.480158
Amazon,B0H2JC16KQ,"Chromebook CM1505 (2026), Smartchoice, MediaTek Kompanio 540 Processor, 4GB RAM, 64GB SSD, FHD, 15.6""(39.6 cm), 60Hz, Chrome OS, Fabric Blue, 1.49 Kg, CM1505CM4A-S70080, Thin & Light Laptop",,Laptops,,,1.49 Kg,40990.0,23990.0,41.47353012929983,3.7,10.0,True,1,,https://www.amazon.in/dp/B0H2JC16KQ,ASUS laptop,Bengaluru,12.9716,77.5946,2026-08-14 17:40:43.706196
Amazon,B0D2Y1BLDT,"15, Intel Core 13th Gen i5-1334U, FHD, 15.6""/39.62cm, Windows 11, MSO'24, Grey, 1.66kg, Vostro 3530, (16GB DDR4, 512GB SSD) Anti-Glare FHD 15.6""/39.62cm, 12 Month McAfee, Thin & Light Laptop",,Laptops,,,1.66kg,73163.0,61990.0,15.27138034252286,3.8,375.0,True,1,,https://www.amazon.in/dp/B0D2Y1BLDT,Lenovo laptop,Bengaluru,12.9716,77.5946,2026-08-14 17:40:36.942533
Amazon,B0GL1SQRQ2,"WH-1000XM6 The Best Wireless Noise Canceling Headphones, HD NC Processor QN3, 12 Microphones, Adaptive NC Optimizer, Mastered by Engineers, Studio-Quality- Sand Pink",,Headphones/Earbuds,,,,49990.0,37989.0,24.006801360272053,4.6,3300.0,True,1,,https://www.amazon.in/dp/B0GL1SQRQ2,Sony headphones,Bengaluru,12.9716,77.5946,2026-08-14 17:40:50.149958
Amazon,B0GY7YKXY5,"Professional 15 (2026), Intel (i3 14th Gen) Core 3 100U - (8 GB/512 GB SSD/Intel UHD Graphics/Windows 11 Home) Thin & Light Business Laptop/15.6"" Display/Turbo Silver/Copilot Key/1.5kg/MS Office",,Laptops,,,1.5kg,68699.0,51800.0,24.598611333498305,4.5,4.0,True,1,,https://www.amazon.in/dp/B0GY7YKXY5,HP laptop,Bengaluru,12.9716,77.5946,2026-08-14 17:40:24.868015
Amazon,B0B6BPX5S9,"Pulse 2 Max 1.85"" Display, Bluetooth Calling Smart Watch, 10 Days Battery, 550 NITS Brightness, Smart DND, 100 Sports Modes, Smartwatch for Men and Women (Midnight Blue)",,Smartwatches,,,,5999.0,1499.0,75.01250208368062,4.0,26200.0,True,1,,https://www.amazon.in/dp/B0B6BPX5S9,Samsung smartwatch,Bengaluru,12.9716,77.5946,2026-08-14 17:41:09.593708
Amazon,B0G495PMV8,"IdeaPad Slim 3 13th Gen Core i7-13620H 15.3"" (38.8cm) WUXGA IPS Laptop (16GB RAM/512GB SSD/Win 11/Office 2024/Backlit/1Yr ADP Free/Top Metal Cover & IR Camera/Grey/1.6Kg),83K1011BIN",,Laptops,,,1.6Kg,93290.0,77990.0,16.40047164755065,4.0,27.0,True,1,,https://www.amazon.in/dp/B0G495PMV8,Lenovo laptop,Bengaluru,12.9716,77.5946,2026-08-14 17:40:36.942521
Amazon,B0CWVX1GNX,"ULT Wear WH-ULT900N Noise Cancellation Wireless Bluetooth Over Ear Headphones with Massive Bass, Up to 50Hrs Battery-Black | Massive Bass, Comfortable Design, 30-Hour Battery, Signature Noise Canceling Found in 1000X Series, Alexa Built-in, Bluetooth",,Headphones/Earbuds,,,,24990.0,14989.0,40.02000800320128,4.3,3700.0,True,1,,https://www.amazon.in/dp/B0CWVX1GNX,Sony headphones,Bengaluru,12.9716,77.5946,2026-08-14 17:40:50.149932
Amazon,B0GGQR1722,"192 L 4 Star Icemagic Powercool Direct-Cool Single Door Refrigerator with Base Drawer (215 IMPC ROY 4S SAPPHIRE PEONY-Y, Blue, 2026 Model)",,Home Appliances,,,192 L,21750.0,16989.0,21.8896551724138,4.0,102.0,True,1,,https://www.amazon.in/dp/B0GGQR1722,LG refrigerator,Bengaluru,12.9716,77.5946,2026-08-14 17:41:49.136045
Amazon,B0CCVBWM5N,"Galaxy Watch6 Classic (Smartchoice) (Silver, 47mm) | Rotating Bezel | Bluetooth | Monitor BP and ECG | Track Sleep and Health | Upto 40hrs Charge with Fast Charging | Galaxy Ecosystem | IP68",,Smartwatches,,,,45999.0,22999.0,50.00108698015174,4.3,140.0,True,1,,https://www.amazon.in/dp/B0CCVBWM5N,Samsung smartwatch,Bengaluru,12.9716,77.5946,2026-08-14 17:41:09.593698
Amazon,B0G822MS12,"Galaxy M06 5G Mobile (Sage Green, 4GB RAM, 128GB Storage) | MediaTek Dimensity 6300 | AnTuTu 623K+ | 12 5G Bands | 25W Fast Charging | 4 Gen OS Upgrades | 50MP Camera | Without Charger",,Smartphones,,,5G,16999.0,13999.0,17.648096946879228,3.6,164.0,True,1,,https://www.amazon.in/dp/B0G822MS12,Samsung smartphone,Bengaluru,12.9716,77.5946,2026-08-14 17:39:58.649109
Amazon,B0H93GYSMW,"14 (2026), Intel Core i5 13th Gen 13420H - (8 GB DDR5/512 GB SSD/Intel UHD Graphics/Windows 11 Pro) Thin and Light Business Laptop/14.0"" FHD Display/Luna Grey/Copilot Key/1.4 kg/MS Office 2024",,Laptops,,,1.4 kg,99990.0,58250.0,41.74417441744174,,,True,1,,https://www.amazon.in/dp/B0H93GYSMW,Lenovo laptop,Bengaluru,12.9716,77.5946,2026-08-14 17:40:36.942524
Amazon,B0GNZJHMRR,108 cm (43 inches) UA73 AI Series 4K Ultra HD (3840 x 2160) Smart LED TV 43UA73806LA 2025,,Televisions,,,,57990.0,29990.0,48.28418692878083,3.5,10.0,True,1,,https://www.amazon.in/dp/B0GNZJHMRR,LG TV,Bengaluru,12.9716,77.5946,2026-08-14 17:41:35.920483
Amazon,B0GGQWMFCM,"207 L 5 Star Icemagic Pro Inverter Direct-Cool Single Door Refrigerator (230 IMPRO ROY 5S INV SAPPHIRE PEONY-Y, Blue, 2026 Model)",,Home Appliances,,,207 L,25500.0,20490.0,19.647058823529413,4.0,1500.0,True,1,,https://www.amazon.in/dp/B0GGQWMFCM,Whirlpool refrigerator,Bengaluru,12.9716,77.5946,2026-08-14 17:42:03.065331
Amazon,B0GXBJ3658,"2026 Launch Airdopes Plus 222 with Immersive Spatial Audio, 60 Hrs Battery, 13mm Drivers, Hearables App Support, Multi Connect, Voice Assistant TWS Earbuds with mic (Ivory White)",,Headphones/Earbuds,,,,2499.0,899.0,64.02561024409763,3.9,7200.0,True,1,,https://www.amazon.in/dp/B0GXBJ3658,boAt earbuds,Bengaluru,12.9716,77.5946,2026-08-14 17:40:56.604489
Amazon,B0GGQLB35C,"184 L 2 Star Direct-Cool Single Door Refrigerator (205 WDE CLS 2S SAPPHIRE BLUE-Y, Blue, 2026 Model)",,Home Appliances,,,184 L,17750.0,12989.0,26.822535211267606,4.0,188.0,True,1,,https://www.amazon.in/dp/B0GGQLB35C,Whirlpool refrigerator,Bengaluru,12.9716,77.5946,2026-08-14 17:42:03.065327
Flipkart,ACCFK8FGBZWR4CGG,"ADCOM Vision 7.1 USB Surround Sound Gaming Headset, 50mm Bass, LED Light Wired",ADCOM,Headphones/Earbuds,,,"Grey, On the Ear",5999.0,2378.0,60.36006001000167,4.0,53.0,True,1,,https://www.flipkart.com/-/p/-?pid=ACCFK8FGBZWR4CGG,Sony headphones,Bengaluru,12.9716,77.5946,2026-08-14 17:40:50.149813
Flipkart,TVSHBWJEHTQGQJUH,Samsung Crystal 4K 108 cm (43 inch) Ultra HD (4K) LED Smart Tizen TV,Samsung,Televisions,,,UA43U8100FULXL,45990.0,31990.0,30.441400304414003,5.0,1.0,True,1,,https://www.flipkart.com/-/p/-?pid=TVSHBWJEHTQGQJUH,Samsung TV,Bengaluru,12.9716,77.5946,2026-08-14 17:41:30.400496
Flipkart,RFRHJYT9MVS9CKFY,"Samsung 396 L Frost Free Double Door 3 Star Refrigerator  with Convertible 5-in-1, Wifi Enabled, Bespoke AI, Digital Inverter, 2026 Model",Samsung,Home Appliances,,,"BLACK DOI, RT41HG6A23B1HL",60999.0,50990.0,16.408465712552665,4.3,1576.0,True,1,,https://www.flipkart.com/-/p/-?pid=RFRHJYT9MVS9CKFY,Samsung refrigerator,Bengaluru,12.9716,77.5946,2026-08-14 17:41:56.202827
Flipkart,TVSHGQRZZCRVNGFF,LG 139 cm (55 inch) Ultra HD (4K) LED Smart WebOS TV with AI Processor Gen8|Dolby Atmos| NEW AI Magic Remote | 4K Super Upscaling | AI Picture Pro | 4K Expression Enhancer | AI Search with MS Copilot | AI Sound Pro (9.1.2 ch) | Dolby Atmos | Chromecast Built-in,LG,Televisions,,,55UA83006LA,72790.0,48990.0,32.69679901085314,3.9,0.0,True,1,,https://www.flipkart.com/-/p/-?pid=TVSHGQRZZCRVNGFF,LG TV,Bengaluru,12.9716,77.5946,2026-08-14 17:41:35.920412
Flipkart,COMHBFRJEWGN4FMY,HP MSO 2024 Intel Core i3 13th Gen 1315U - (16 GB/512 GB SSD/Windows 11 Home) 15-fd0574TU / 15 - fd0668TU Thin and Light Laptop,HP,Laptops,,,"15.6 Inch, Natural Silver, 1.59 Kg, With MS Office",59999.0,58990.0,1.681694694911582,4.2,243.0,True,1,,https://www.flipkart.com/-/p/-?pid=COMHBFRJEWGN4FMY,HP laptop,Bengaluru,12.9716,77.5946,2026-08-14 17:40:24.867830
Flipkart,TVSGJEWACPBYGNKT,LG 164 cm (65 inch) OLED Ultra HD (4K) Smart WebOS TV,LG,Televisions,,,OLED65C2XSC,319990.0,149990.0,53.126660208131504,0.0,0.0,True,1,,https://www.flipkart.com/-/p/-?pid=TVSGJEWACPBYGNKT,LG TV,Bengaluru,12.9716,77.5946,2026-08-14 17:41:35.920441
Flipkart,ACCH4QKR4YJZY3GN,"SONY MDR-M1 High Resolution Monitor Headphone,Closed Back Design for Audiophile Wired",SONY,Headphones/Earbuds,,,"Black, On the Ear",39990.0,19990.0,50.01250312578145,0.0,0.0,True,1,,https://www.flipkart.com/-/p/-?pid=ACCH4QKR4YJZY3GN,Sony headphones,Bengaluru,12.9716,77.5946,2026-08-14 17:40:50.149862
Flipkart,COMGJ75HJGFDJ6JN,DELL Inspiron 3520 Intel Core i3 12th Gen 1215U - (8 GB/512 GB SSD/Windows 11 Home) New Inspiron 15 Laptop | Inspiron 3520 Thin and Light Laptop,DELL,Laptops,,,"15.6 Inch, Platinum Silver, 1.65 Kg, With MS Office",59500.0,53599.0,9.91764705882353,4.3,355.0,True,1,,https://www.flipkart.com/-/p/-?pid=COMGJ75HJGFDJ6JN,Dell laptop,Bengaluru,12.9716,77.5946,2026-08-14 17:40:30.401090
Flipkart,COMHC5G9YPVUM34V,Lenovo 100e Chromebook Gen 4 MediaTek Kompanio 520 - (8 GB/64 GB EMMC Storage/Chrome OS) 100e Chromebook Gen 4 Chromebook,Lenovo,Laptops,,,"11.6 Inch, Graphite Grey, 1.23 Kg",37504.0,25990.0,30.70072525597269,4.0,301.0,True,1,,https://www.flipkart.com/-/p/-?pid=COMHC5G9YPVUM34V,Lenovo laptop,Bengaluru,12.9716,77.5946,2026-08-14 17:40:36.942399
Flipkart,MOBH9AS4DSSQECZM,"Samsung Galaxy F06 5G (Bahama Blue, 128 GB)",Samsung,Smartphones,,,6 GB RAM,15499.0,15499.0,0.0,4.2,1982.0,True,1,,https://www.flipkart.com/-/p/-?pid=MOBH9AS4DSSQECZM,Samsung smartphone,Bengaluru,12.9716,77.5946,2026-08-14 17:39:58.648971
Flipkart,ACCHZEFEUWHMDV86,"boAt Airdopes Plus 223,Spatial Audio,60H Battery,Quad Mic,AI-ENx,Multi-Connect,BTv6.0 Bluetooth",boAt,Headphones/Earbuds,,,"Classic white, True Wireless",3499.0,999.0,71.44898542440697,3.8,94.0,True,1,,https://www.flipkart.com/-/p/-?pid=ACCHZEFEUWHMDV86,boAt earbuds,Bengaluru,12.9716,77.5946,2026-08-14 17:40:56.604247
Flipkart,SMWHP3X8HDM4URHW,"Samsung Galaxy Watch Ultra2 (47mm, LTE)",Samsung,Smartwatches,,,"Titanium Grey Strap, Large",69999.0,64999.0,7.142959185131216,5.0,3.0,True,1,,https://www.flipkart.com/-/p/-?pid=SMWHP3X8HDM4URHW,Samsung smartwatch,Bengaluru,12.9716,77.5946,2026-08-14 17:41:09.593545
Flipkart,RFRGHRHHRBAU7T46,Whirlpool 184 L Direct Cool Single Door 2 Star Refrigerator,Whirlpool,Home Appliances,,,"Wine, 205 WDE PRM 2S WINE BLOOM-Z",17000.0,12566.0,26.08235294117648,4.3,3158.0,True,1,,https://www.flipkart.com/-/p/-?pid=RFRGHRHHRBAU7T46,Whirlpool refrigerator,Bengaluru,12.9716,77.5946,2026-08-14 17:42:03.065275
Flipkart,COMHGWQY66YNGVFK,ASUS Vivobook 15 (2025) with Office 2024 + M365 Basic* Intel Core i3 13th Gen - (8 GB/512 GB SSD/Windows 11 Home) X1504VA-D5321WS Thin and Light Laptop,ASUS,Laptops,,,"15.6 Inch, Cool Silver, With MS Office",75000.0,51990.0,30.680000000000003,4.3,115.0,True,1,,https://www.flipkart.com/-/p/-?pid=COMHGWQY66YNGVFK,ASUS laptop,Bengaluru,12.9716,77.5946,2026-08-14 17:40:43.705922
Flipkart,TVSFQPHKZYYPA7CF,Samsung 108 cm (43 inch) Full HD LED Smart Tizen TV,Samsung,Televisions,,,UA43T5350AKXXL,38900.0,29990.0,22.904884318766065,3.7,2.0,True,1,,https://www.flipkart.com/-/p/-?pid=TVSFQPHKZYYPA7CF,Samsung TV,Bengaluru,12.9716,77.5946,2026-08-14 17:41:30.400482
Flipkart,MOBH9AS47XHFRMJY,"Samsung Galaxy F06 5G (Bahama Blue, 128 GB)",Samsung,Smartphones,,,4 GB RAM,0.0,0.0,,4.2,3537.0,True,1,,https://www.flipkart.com/-/p/-?pid=MOBH9AS47XHFRMJY,Samsung smartphone,Bengaluru,12.9716,77.5946,2026-08-14 17:39:58.648890
Flipkart,COMHHNH8QYHRSTCG,ASUS TUF Gaming A15 (2026) AMD Ryzen 7 170 - (16 GB/1 TB SSD/Windows 11 Home/4 GB Graphics/NVIDIA GeForce RTX 3050) FA506NCQ-HN008W Gaming Laptop,ASUS,Laptops,,,"15.6 inch, Graphite Black, 2.3 kg",90990.0,84990.0,6.594131223211342,4.4,3.0,True,1,,https://www.flipkart.com/-/p/-?pid=COMHHNH8QYHRSTCG,ASUS laptop,Bengaluru,12.9716,77.5946,2026-08-14 17:40:43.705905
Flipkart,SMWGD7MNVEKJZRZQ,"Samsung Watch 4, 44mmSuper AMOLED bluetooth calling function & body composition tracking",Samsung,Smartwatches,,,"Black Strap, Free Size",29999.0,8999.0,70.00233341111371,4.5,4790.0,True,1,,https://www.flipkart.com/-/p/-?pid=SMWGD7MNVEKJZRZQ,Samsung smartwatch,Bengaluru,12.9716,77.5946,2026-08-14 17:41:09.593597
Flipkart,MOBGDH2PKQMJZFVP,"OnePlus 9 5G (Astral Black, 128 GB)",OnePlus,Smartphones,,,8 GB RAM,49999.0,24499.0,51.00102002040041,3.6,64.0,True,1,,https://www.flipkart.com/-/p/-?pid=MOBGDH2PKQMJZFVP,OnePlus smartphone,Bengaluru,12.9716,77.5946,2026-08-14 17:40:11.694591
Flipkart,RFRHKF74QYMTTCZG,"LG 343 L Frost Free Double Door 2 Star Convertible Refrigerator  with Convertible, Multi Air Flow, Express Freeze, diagnosis, Deodorizer, smart Inverter Compressor & 2026 Model",LG,Home Appliances,,,"Dazzle Steel, GLT3426SNDS",59990.0,46990.0,21.67027837972996,4.5,82.0,True,1,,https://www.flipkart.com/-/p/-?pid=RFRHKF74QYMTTCZG,LG refrigerator,Bengaluru,12.9716,77.5946,2026-08-14 17:41:49.135872
Flipkart,ACCHZEFEJTF6KZ5B,"boAt Airdopes Plus 223,Spatial Audio,60H Battery,Quad Mic,AI-ENx,Multi-Connect,BTv6.0 Bluetooth",boAt,Headphones/Earbuds,,,"Classic black, True Wireless",3499.0,999.0,71.44898542440697,3.8,94.0,True,1,,https://www.flipkart.com/-/p/-?pid=ACCHZEFEJTF6KZ5B,boAt earbuds,Bengaluru,12.9716,77.5946,2026-08-14 17:40:56.604165
Flipkart,RFRHJYT9R7TU4GVF,"Samsung 301 L Frost Free Double Door 2 Star Refrigerator  with Convertible 5-in-1, Digital Inverter, Digital Display, 2026 Model",Samsung,Home Appliances,,,"REFINED INOX, RT31H4522S9/HL",44999.0,36490.0,18.909309095757685,4.3,1576.0,True,1,,https://www.flipkart.com/-/p/-?pid=RFRHJYT9R7TU4GVF,LG refrigerator,Bengaluru,12.9716,77.5946,2026-08-14 17:41:49.135811
Flipkart,TVSHCAYXADZA27V9,LG AI TV QNED 8AA 164 cm (65 inch) Ultra HD (4K) QNED Smart WebOS TV with Alpha7 AI Processor 4K Gen8 | Dynamic QNED Color | AI Brightness Control | 4K Expression Enhancer | NEW AI Magic Remote | AI Search with MS Copilot | AI Sound Pro (9.1.2 ch) | Dolby Atmos | Chromecast Built-in,LG,Televisions,,,65QNED8AA6A,178990.0,94990.0,46.92999608916699,4.4,66.0,True,1,,https://www.flipkart.com/-/p/-?pid=TVSHCAYXADZA27V9,LG TV,Bengaluru,12.9716,77.5946,2026-08-14 17:41:35.920418
Flipkart,MOBH4DQFRST2BQQ8,"Apple iPhone 16 Pro Max (Natural Titanium, 256 GB)",Apple,Smartphones,,,,144990.0,144990.0,0.0,4.7,1049.0,True,1,,https://www.flipkart.com/-/p/-?pid=MOBH4DQFRST2BQQ8,iPhone,Bengaluru,12.9716,77.5946,2026-08-14 17:40:05.613191
Flipkart,MOBHG82ZTP4VBHYP,"Samsung Galaxy A07 LTE (Light Violet, 64 GB)",Samsung,Smartphones,,,4 GB RAM,17999.0,11825.0,34.30190566142564,4.2,89.0,True,1,,https://www.flipkart.com/-/p/-?pid=MOBHG82ZTP4VBHYP,Samsung smartphone,Bengaluru,12.9716,77.5946,2026-08-14 17:39:58.648997
Flipkart,RFRHEJYNAXMRDWQG,LG 272 L Frost Free Double Door 2 Star Convertible Refrigerator  with Smart Inverter Compressor & Multi Air Flow,LG,Home Appliances,,,"Natural Beige, GL-S312SNBY",42499.0,32900.0,22.58641379797172,4.4,7.0,True,1,,https://www.flipkart.com/-/p/-?pid=RFRHEJYNAXMRDWQG,LG refrigerator,Bengaluru,12.9716,77.5946,2026-08-14 17:41:49.135921
Flipkart,COMGZ3SPYQJDEJWQ,Lenovo V15 AMD Ryzen 5 Quad Core 5500U - (8 GB/512 GB SSD/Windows 11 Home) V15 G2 ALC Thin and Light Laptop,Lenovo,Laptops,,,"15.6 Inch, Black, 1.7 Kg",69750.0,56000.0,19.71326164874552,4.2,163.0,True,1,,https://www.flipkart.com/-/p/-?pid=COMGZ3SPYQJDEJWQ,Lenovo laptop,Bengaluru,12.9716,77.5946,2026-08-14 17:40:36.942493
Flipkart,MOBHFN6Y87MW2KDJ,"Apple iPhone 17 Pro (Cosmic Orange, 1 TB)",Apple,Smartphones,,,,174900.0,166900.0,4.574042309891366,4.7,326.0,True,1,,https://www.flipkart.com/-/p/-?pid=MOBHFN6Y87MW2KDJ,iPhone,Bengaluru,12.9716,77.5946,2026-08-14 17:40:05.613215
Flipkart,COMHHW89AZHHY3FF,HP Victus(i5 14th Gen) Intel Core 5 210H - (24 GB/512 GB SSD/Windows 11 Home/4 GB Graphics/NVIDIA GeForce RTX 3050) 15-fa2500tx / 15-fa2497tx Gaming Laptop,HP,Laptops,,,"15.6 inch, Mica Silver, Black Chrome Logo, 2.29 kg, With MS Office",147674.0,89990.0,39.0617170253396,4.2,10.0,True,1,,https://www.flipkart.com/-/p/-?pid=COMHHW89AZHHY3FF,HP laptop,Bengaluru,12.9716,77.5946,2026-08-14 17:40:24.867929
Flipkart,MOBHH2SHDXGYG2EZ,"Apple iPhone 17e (Soft Pink, 256 GB)",Apple,Smartphones,,,,64900.0,64900.0,0.0,4.5,47.0,True,1,,https://www.flipkart.com/-/p/-?pid=MOBHH2SHDXGYG2EZ,iPhone,Bengaluru,12.9716,77.5946,2026-08-14 17:40:05.613194
Amazon,B0G485GN9S,"Nothing Phone (3a) Lite (White, 256 GB) (8 GB RAM)",,Smartphones,,,,33999.0,29449.0,13.382746551369156,4.4,105.0,True,1,,https://www.amazon.in/dp/B0G485GN9S,Nothing smartphone,Delhi,28.6139,77.209,2026-08-14 18:32:24.249141
Amazon,B0FWDBH2T2,"2025 MacBook Pro Laptop with M5 chip, 10‑core CPU and 10‑core GPU: Built for Apple Intelligence, 35.97 cm (14.2″) Liquid Retina XDR Display, 24GB Unified Memory, 1TB SSD Storage; Space Black",,Laptops,,,,263900.0,250990.0,4.8920045471769615,5.0,8.0,True,1,,https://www.amazon.in/dp/B0FWDBH2T2,Apple MacBook,Delhi,28.6139,77.209,2026-08-14 18:32:57.747824
Amazon,B0G7L4PFFM,"Modern 14, Intel 13th Gen. Core i3 1315U,14” Inch (36CM) FHD 60Hz Thin & Light Business Laptop (8GB/512GB NVMe SSD/Windows 11 Home/Intel UHD/Classic Black/1.4Kg), C13M-1465IN",,Laptops,,,1.4Kg,58990.0,49990.0,15.25682319037125,,,True,1,,https://www.amazon.in/dp/B0G7L4PFFM,MSI laptop,Delhi,28.6139,77.209,2026-08-14 18:32:44.601225
Amazon,B0BS1PRC4L,"WH-CH520 Wireless Bluetooth Headphones On Ear with Mic, Up to 50Hrs Battery, Quick Charge, DSEE Upscale, Multipoint Connectivity, Voice Assistant, Customized EQ-Black",,Headphones/Earbuds,,,,5990.0,3925.0,34.47412353923205,4.2,30800.0,True,1,,https://www.amazon.in/dp/B0BS1PRC4L,Bose headphones,Delhi,28.6139,77.209,2026-08-14 18:33:04.286759
Amazon,B0CLRC13BP,"Crest 1.43” AMOLED Smart Watch with BT Calling, AI Morning Briefs, Functional Crown, Health Tracking, Aluminium Body, 100+ Sports Modes, Smartwatch for Men and Women - Black Mesh Strap",,Smartwatches,,,,13995.0,5399.0,61.42193640585924,4.0,852.0,True,1,,https://www.amazon.in/dp/B0CLRC13BP,Fossil smartwatch,Delhi,28.6139,77.209,2026-08-14 18:33:37.053852
Amazon,B0CCRZPKR1,"Momentum 4 Wireless Over Ear Headphones, German Design, ANC, 60h Battery, Customizable Sound, 4 Digital Mics for Crystal-Clear Calls, Multipoint Connectivity, 1 Yr Warranty, Black/Copper",,Headphones/Earbuds,,,,34990.0,26990.0,22.863675335810232,4.3,12600.0,True,1,,https://www.amazon.in/dp/B0CCRZPKR1,Sennheiser headphones,Delhi,28.6139,77.209,2026-08-14 18:33:10.432802
Amazon,B0F6ZCRGG5,108 cm (43 inch) A Full HD Smart Google LED TV L43MB-AFIN,,Televisions,,,,30999.0,21999.0,29.033194619181263,4.1,508.0,True,1,,https://www.amazon.in/dp/B0F6ZCRGG5,OnePlus TV,Delhi,28.6139,77.209,2026-08-14 18:33:42.996169
Amazon,B0H3LB843J,OnePlus N6 | 4GB+128GB | Midnight Green | Segment's Biggest 8000mAh Battery | Segment's Fastest 45W Charging | 48-Month Smoothness | Smooth 120Hz Display | 50MP Camera | Military-Grade Durability,,Smartphones,,,,30999.0,22998.0,25.81051001645214,3.4,268.0,True,1,,https://www.amazon.in/dp/B0H3LB843J,Nothing smartphone,Delhi,28.6139,77.209,2026-08-14 18:32:24.249259
Amazon,B0GY26RL13,"Bip Max 50mm Smartwatch, 2.07"" AMOLED Display, 20 Days of Battery, GPS, 4GB Storage, Offline Maps, Fitness Tracker, Hybrid Training, 150+ Sports, HYROX Mode, 5 ATM for Android & iPhone, Silver",,Smartwatches,,,,11999.0,10999.0,8.334027835652972,4.4,382.0,True,1,,https://www.amazon.in/dp/B0GY26RL13,Garmin smartwatch,Delhi,28.6139,77.209,2026-08-14 18:33:23.742929
Amazon,B0BYVRQZYL,"CVF500DA4 Double Door Deep freezer cum chiller, 469 Litres,convertible, GREY LATEST",,Home Appliances,,,,49990.0,30528.0,38.931786357271456,3.9,107.0,True,1,,https://www.amazon.in/dp/B0BYVRQZYL,Voltas refrigerator,Delhi,28.6139,77.209,2026-08-14 18:34:03.779856
Amazon,B0DVLH131Z,"T-Rex 3 (Smartchoice) Outdoor Rugged Military 48mm Smart Watch, Built in GPS, 27 Days Battery Life, Offline Maps, 2000 Nits Brightness, 10 ATM Water Resistance, AI Coach, iOS & Android (Lava)",,Smartwatches,,,,29999.0,19999.0,33.33444448148272,4.6,2300.0,True,1,,https://www.amazon.in/dp/B0DVLH131Z,Amazfit smartwatch,Delhi,28.6139,77.209,2026-08-14 18:33:30.604285
Amazon,B0GP6V371Z,"540 L 3 Star Frost Free Inverter Side by Side Refrigerator (HRS-615LB, Luxe Black, 360° Magic Cooling for Uniform Freshness, Dual Fresh Drawers for freshness, Deo Fresh Technology, 2026 Model)",,Home Appliances,,,540 L,95690.0,60990.0,36.26293238582924,4.1,784.0,True,1,,https://www.amazon.in/dp/B0GP6V371Z,Haier refrigerator,Delhi,28.6139,77.209,2026-08-14 18:34:16.280513
Amazon,B0GVNJ3QLF,189 cm (75 inches) E8S Series ULED MiniLED Smart TV 75E8S (Black),,Televisions,,,,166999.0,99990.0,40.12538997239504,4.3,209.0,True,1,,https://www.amazon.in/dp/B0GVNJ3QLF,Hisense TV,Delhi,28.6139,77.209,2026-08-14 18:33:56.716041
Amazon,B0DQPNXB5Q,"Thin 15, Intel 12th Gen. i7-12650H, 40CM FHD 144Hz Gaming Laptop (16GB/512GB NVMe SSD/Windows 11 Home/Office 2021/NVIDIA GeForce RTX 2050, GDDR6 4GB/Cosmos Gray/1.86Kg) B12UC-2242IN",,Laptops,,,1.86Kg,83990.0,74990.0,10.715561376354328,2.9,2.0,True,1,,https://www.amazon.in/dp/B0DQPNXB5Q,MSI laptop,Delhi,28.6139,77.209,2026-08-14 18:32:44.601271
Amazon,B00DUCIK7U,Decker Brown Watch,,Smartwatches,,,,8995.0,5397.0,40.0,4.2,4200.0,True,1,,https://www.amazon.in/dp/B00DUCIK7U,Fossil smartwatch,Delhi,28.6139,77.209,2026-08-14 18:33:37.053813
Amazon,B0D9629NJQ,"Limitless Glide X 1.83"" Smart Watch with Ultra UV HD Display, SpO2, Heart Rate & Sleep Tracking, Bluetooth Calling, 100+ Sports Modes, 5-Day Battery, Smartwatch for Men & Women (Black)",,Smartwatches,,,,2799.0,1299.0,53.59056806002144,4.0,4500.0,True,1,,https://www.amazon.in/dp/B0D9629NJQ,Amazfit smartwatch,Delhi,28.6139,77.209,2026-08-14 18:33:30.604332
Amazon,B0GK769XNV,"180L 1Star 5 Years Comprehensive Warranty | New Launch | Advanced Capillary Technology| Jumbo Vegetable Tray| 2.25L Bottle Space Single Door Refrigerator (RD EDGE 205AN WRF PP BL, Pep Blue)",,Home Appliances,,,180L,17190.0,12610.0,26.6433973240256,4.0,150.0,True,1,,https://www.amazon.in/dp/B0GK769XNV,Godrej refrigerator,Delhi,28.6139,77.209,2026-08-14 18:34:10.333833
Amazon,B0GP74SZF2,"240 L 2 Star Frost Free Twin Inverter Double Door Refrigerator with Cool Pad for Extended Freezer Cooling & Spacious Fresh Zone (HEF-252EGBA-P, GE Black, 2026 Model)",,Home Appliances,,,240 L,36690.0,24690.0,32.70645952575634,4.0,34.0,True,1,,https://www.amazon.in/dp/B0GP74SZF2,Haier refrigerator,Delhi,28.6139,77.209,2026-08-14 18:34:16.280496
Amazon,B0D925VDPM,NEW Microsoft Surface Laptop (7th Edition) - Windows 11 Home Copilot + PC - 13.8” LCD PixelSense Touchscreen - Qualcomm Snapdragon X Elite (12 Core) - 16GB RAM - 1TB SSD - Graphite - ZXX-00059,,Laptops,,,,187999.0,175999.0,6.383012675599338,5.0,1.0,True,1,,https://www.amazon.in/dp/B0D925VDPM,Microsoft Surface laptop,Delhi,28.6139,77.209,2026-08-14 18:32:50.975376
Amazon,B0H82WSHDW,C100X Smartphone 8000mAh Titan Battery 45W Fast Charge 6.8 inch 120Hz Display 4GB RAM 64GB ROM IP64 Waterproof 50MP Rear Camera Support Bluetooth WiFi GPS Golden Coast,,Smartphones,,,,16799.0,15499.0,7.7385558664206195,5.0,6.0,True,1,,https://www.amazon.in/dp/B0H82WSHDW,Realme smartphone,Delhi,28.6139,77.209,2026-08-14 18:32:30.946316
Amazon,B0H34P66XV,"325 L 3 Star Frost Free Triple Inverter Double Door Bottom Mount Refrigerator, Digital Touch Display & 2X Bigger Fresh Storage (HEB-333DSA-P, Dazzle Steel, 14 In 1 Convertible Modes, 2026 Model)",,Home Appliances,,,325 L,61790.0,40990.0,33.66240491988995,4.8,6.0,True,1,,https://www.amazon.in/dp/B0H34P66XV,Haier refrigerator,Delhi,28.6139,77.209,2026-08-14 18:34:16.280463
Amazon,B0DH2SPVZC,"Watch 5 Lite, 1.96"" Amoled, Advanced in-Built GPS, 5 ATM, 18 Day Battery, Bluetooth Calling with AI Noise Reduction, Always on Display, Black",,Smartwatches,,,,0.0,0.0,,4.1,3200.0,True,1,,https://www.amazon.in/dp/B0DH2SPVZC,Amazfit smartwatch,Delhi,28.6139,77.209,2026-08-14 18:33:30.604322
Amazon,B0H6HY2C29,"narzo 80 Lite (See Blue,4GB+64GB) 2026 | 6300mAh Segment's Biggest Battery | 7.94mm Slim Design | 300% Ultra Volume | Pulse Light: 9 Colors, 5 Glow Modes | Ai Assist",,Smartphones,,,,16999.0,12999.0,23.530795929172303,4.1,1900.0,True,1,,https://www.amazon.in/dp/B0H6HY2C29,Realme smartphone,Delhi,28.6139,77.209,2026-08-14 18:32:30.946249
Amazon,B0GRD6QZQ8,Nothing Phone 4a (12GB 256GB White),,Smartphones,,,,40999.0,40999.0,0.0,4.6,24.0,True,1,,https://www.amazon.in/dp/B0GRD6QZQ8,Nothing smartphone,Delhi,28.6139,77.209,2026-08-14 18:32:24.249236
Amazon,B0F8HNKK6Z,"Balance 2 Smart Watch 47mm AMOLED Sapphire Glass Display, Dual Band GPS, 21 Days Battery, 170+ Sport Modes, Hyrox Mode, Accurate Readings, for Android & iPhone",,Smartwatches,,,,49999.0,23499.0,53.001060021200416,4.4,1100.0,True,1,,https://www.amazon.in/dp/B0F8HNKK6Z,Amazfit smartwatch,Delhi,28.6139,77.209,2026-08-14 18:33:30.604300
Amazon,B0G5G5C89T,"Note 15 5G (Black, 8GB RAM 128GB Storage) | 108MP OIS Camera | Snapdragon 6 Gen 3 | 17.2cm Tough Curved AMOLED Screen | 5520mAh Battery | 45W Fast Charging",,Smartphones,,,5G,36999.0,28999.0,21.62220600556772,4.1,1100.0,True,1,,https://www.amazon.in/dp/B0G5G5C89T,Google Pixel smartphone,Delhi,28.6139,77.209,2026-08-14 18:32:10.914556
Amazon,B0G1YNG5S6,"G67 Power 5G (Pantone Cilantro, 8GB RAM, 128GB Storage) | 6.7"" FHD+ 120Hz LCD Display | Snapdragon 7s Gen2 Processor | 50MP + 8MP UW Camera | 7000mAh Battery with 30W Charger | IP64 | 6.7"" FHD+ 120Hz LCD Display, Snapdragon 7s Gen2 Processor, 50MP + 8MP UW Camera, 7000mAh Battery with 30W Charger, IP64",,Smartphones,,,5G,22999.0,22999.0,0.0,4.2,864.0,True,1,,https://www.amazon.in/dp/B0G1YNG5S6,Motorola smartphone,Delhi,28.6139,77.209,2026-08-14 18:32:18.018608
Amazon,B0BRF5XBBD,"Charger for Fossil Gen 6, Gen 5, Gen 5E, Gen 4 Smartwatch Charging Cable Cord for Emporio Armani, Skagen falster 2, Misfit Vapor 2, Diesel Guard 2.5, Michael Kors Runway 3.3Ft/1M White",,Smartwatches,,,,1299.0,284.0,78.13702848344882,3.8,633.0,True,1,,https://www.amazon.in/dp/B0BRF5XBBD,Fossil smartwatch,Delhi,28.6139,77.209,2026-08-14 18:33:37.053875
Amazon,B0GR1DXY7L,"2026 MacBook Air 15″ Laptop with M5 chip: AI and Apple Intelligence, 38.91 cm (15.3″) Liquid Retina Display, 16GB Unified Memory, 512GB SSD Storage, 12MP Center Stage Camera, Touch ID; Sky Blue",,Laptops,,,,179900.0,166990.0,7.176209005002779,4.7,67.0,True,1,,https://www.amazon.in/dp/B0GR1DXY7L,Apple MacBook,Delhi,28.6139,77.209,2026-08-14 18:32:57.747760
Amazon,B0GRHFS8VC,"G57 Power (Corsair, 8GB RAM, 128GB Storage) | Snapdragon 6s Gen 4 Processor | 6.72"" FHD+ Display | 50MP LYT-600 + 8MP Ultrawide | 8MP Selfie Camera | 7000mAh Battery, 33W TurboPower | IP64",,Smartphones,,,,21999.0,20499.0,6.818491749624983,4.3,11.0,True,1,,https://www.amazon.in/dp/B0GRHFS8VC,Motorola smartphone,Delhi,28.6139,77.209,2026-08-14 18:32:18.018627
Flipkart,MOBHN973GQV5YXT3,"MOTOROLA Edge 70 Fusion Snapdragon (Pantone SILHOUETTE, 256 GB)",MOTOROLA,Smartphones,,,8 GB RAM,53999.0,32999.0,38.889609066834566,4.4,1682.0,True,1,,https://www.flipkart.com/-/p/-?pid=MOBHN973GQV5YXT3,Motorola smartphone,Delhi,28.6139,77.209,2026-08-14 18:32:18.018455
Flipkart,ACCHHZAE2AHJNZCR,AIZINA Wireless Surround Headphones with Mic & SD Card Support_6A Bluetooth & Wired,AIZINA,Headphones/Earbuds,,,"Black, On the Ear",0.0,0.0,,0.0,0.0,True,1,,https://www.flipkart.com/-/p/-?pid=ACCHHZAE2AHJNZCR,Sennheiser headphones,Delhi,28.6139,77.209,2026-08-14 18:33:10.432753
Flipkart,RFRHMZ5UKWG68GPY,"Haier 520 L Frost Free Multi-Door 3 Star Convertible Refrigerator  with Lumiere,Triple Inverter French Door Side by Side (Magic Convertible Zone, Vogue Colourful Steel, Deo Fresh Technology,2026 Model)",Haier,Home Appliances,,,"Mauve Pink, HRB-600MP",140990.0,89990.0,36.17277821122065,5.0,0.0,True,1,,https://www.flipkart.com/-/p/-?pid=RFRHMZ5UKWG68GPY,Haier refrigerator,Delhi,28.6139,77.209,2026-08-14 18:34:16.280216
Flipkart,SMWHFZYG5TQHTEYV,GARMIN Forerunner® 165 Smartwatch,GARMIN,Smartwatches,,,"Whitestone Strap, Free Size",28299.0,28299.0,0.0,0.0,0.0,True,1,,https://www.flipkart.com/-/p/-?pid=SMWHFZYG5TQHTEYV,Garmin smartwatch,Delhi,28.6139,77.209,2026-08-14 18:33:23.742807
Flipkart,RFRHHPHMGTDVC9QW,"Haier 598 L Frost Free Side by Side 3 Star Refrigerator  with Expert Inverter Smart Sense AI enabled 3-Door , 3 Star, (683ISU1, Inox Steel, Magic Convertible Zone, Deo Fresh Technology, 2026 Model)",Haier,Home Appliances,,,"Inox Steel, HRT-683ISU1",131690.0,78690.0,40.246032348697696,0.0,0.0,True,1,,https://www.flipkart.com/-/p/-?pid=RFRHHPHMGTDVC9QW,Haier refrigerator,Delhi,28.6139,77.209,2026-08-14 18:34:16.280277
Flipkart,SMWHESU6HYYTWSY8,AMAZFIT Pop 3S Smartwatch,AMAZFIT,Smartwatches,,,"Silver Strap, M",6999.0,3082.0,55.96513787683954,0.0,0.0,True,1,,https://www.flipkart.com/-/p/-?pid=SMWHESU6HYYTWSY8,Amazfit smartwatch,Delhi,28.6139,77.209,2026-08-14 18:33:30.604088
Flipkart,SMWFBDGYPE2YMC6J,FOSSIL 4th Gen Venture HR Smartwatch,FOSSIL,Smartwatches,,,"Gold Strap, Regular",21995.0,13195.0,40.00909297567629,3.9,46.0,True,1,,https://www.flipkart.com/-/p/-?pid=SMWFBDGYPE2YMC6J,Fossil smartwatch,Delhi,28.6139,77.209,2026-08-14 18:33:37.053763
Flipkart,RFRHHGTEQPJ97J2S,Godrej 180 L Direct Cool Single Door 2 Star Refrigerator with Base Drawer,Godrej,Home Appliances,,,"Steel Glow, RD ERIOPLS 205B THF ST GL",21590.0,15390.0,28.716998610467808,0.0,0.0,True,1,,https://www.flipkart.com/-/p/-?pid=RFRHHGTEQPJ97J2S,Godrej refrigerator,Delhi,28.6139,77.209,2026-08-14 18:34:10.333678
Flipkart,COMHMQGHHKWNM6AW,Acer Aspire 7(i5 14th Gen) Intel Core 5 210H - (16 GB/512 GB SSD/Windows 11 Home/6 GB Graphics/NVIDIA GeForce RTX 4050) A715-79G Gaming Laptop,Acer,Laptops,,,"15.6 inch, Flame Black, 1.99 kg, With MS Office",129990.0,82990.0,36.15662743287945,4.0,1.0,True,1,,https://www.flipkart.com/-/p/-?pid=COMHMQGHHKWNM6AW,Acer laptop,Delhi,28.6139,77.209,2026-08-14 18:32:38.072205
Flipkart,SMWGPXFJZWCWZVFY,"AMAZFIT POP 3R Smart Watch With 1.43"" AMOLED Display, BT Calling and AI Voice Assistance Smartwatch",AMAZFIT,Smartwatches,,,"Black Premium Strap, Free Size",5999.0,4099.0,31.6719453242207,4.1,507.0,True,1,,https://www.flipkart.com/-/p/-?pid=SMWGPXFJZWCWZVFY,Amazfit smartwatch,Delhi,28.6139,77.209,2026-08-14 18:33:30.604148
Flipkart,MOBHGVJY6SUYWYTK,"MOTOROLA Signature (PANTONE Martini Olive, 512 GB)",MOTOROLA,Smartphones,,,16 GB RAM,79999.0,62499.0,21.87527344091801,4.5,181.0,True,1,,https://www.flipkart.com/-/p/-?pid=MOBHGVJY6SUYWYTK,Motorola smartphone,Delhi,28.6139,77.209,2026-08-14 18:32:18.018295
Flipkart,ACCGYXSYTUJYGZEE,Sennheiser Accentum Plus Wireless Over Ear Headphones Designed in Germany with 50Hr Battery Bluetooth,Sennheiser,Headphones/Earbuds,,,"White, On the Ear",19990.0,15990.0,20.01000500250125,4.5,34.0,True,1,,https://www.flipkart.com/-/p/-?pid=ACCGYXSYTUJYGZEE,Sennheiser headphones,Delhi,28.6139,77.209,2026-08-14 18:33:10.432494
Flipkart,TVSHFVPZ8AESFWCX,Haier 108 cm (43 inch) Ultra HD (4K) LED Smart Google TV with Voice Assistance Remote Control |HDR10 | MEMC | Dolby Audio| Total Sonic |Chromecast Built-in| Dual Band Wi-Fi |2GB RAM + 32GB ROM,Haier,Televisions,,,43H5E,38990.0,29490.0,24.36522185175686,4.5,85.0,True,1,,https://www.flipkart.com/-/p/-?pid=TVSHFVPZ8AESFWCX,Hisense TV,Delhi,28.6139,77.209,2026-08-14 18:33:56.715784
Flipkart,COMGZKFB3ZTQGRT4,Acer Predator Helios Neo 16 Intel Core i7 14th Gen 14700HX - (16 GB/1 TB SSD/Windows 11 Home/6 GB Graphics/NVIDIA GeForce RTX 4050) PHN16-72-77GZ Gaming Laptop,Acer,Laptops,,,"16 Inch, Abyssal Black, 2.8 Kg",142990.0,138600.0,3.070144765368208,4.4,63.0,True,1,,https://www.flipkart.com/-/p/-?pid=COMGZKFB3ZTQGRT4,Acer laptop,Delhi,28.6139,77.209,2026-08-14 18:32:38.072350
Flipkart,SMWHA25EBWNPGVW5,GARMIN Fenix 8 amoled (47 mm). (A04806) Smartwatch,GARMIN,Smartwatches,,,"Graphite Strap, Free Size",157990.0,157990.0,0.0,0.0,0.0,True,1,,https://www.flipkart.com/-/p/-?pid=SMWHA25EBWNPGVW5,Garmin smartwatch,Delhi,28.6139,77.209,2026-08-14 18:33:23.742778
Flipkart,SMWG26QT7CDAZYQF,FOSSIL Not Applicable Smartwatch,FOSSIL,Smartwatches,,,"Gold Strap, Free Size",16495.0,16495.0,0.0,5.0,1.0,True,1,,https://www.flipkart.com/-/p/-?pid=SMWG26QT7CDAZYQF,Fossil smartwatch,Delhi,28.6139,77.209,2026-08-14 18:33:37.053630
Flipkart,RFRHEB4PD3UAZPQN,Godrej 244 L Frost Free Double Door 2 Star Refrigerator,Godrej,Home Appliances,,,"Glossy Black, RT EONCRYSTAL 280B RI OB",39500.0,26999.0,31.64810126582279,5.0,1.0,True,1,,https://www.flipkart.com/-/p/-?pid=RFRHEB4PD3UAZPQN,Godrej refrigerator,Delhi,28.6139,77.209,2026-08-14 18:34:10.333604
Flipkart,SMWG3P66GJJPAHUQ,AMAZFIT Bip U pro 1.43 HD display GLONASS GPS & AI assistant Smartwatch,AMAZFIT,Smartwatches,,,"Green Strap, Regular",6999.0,4899.0,30.00428632661809,4.2,138.0,True,1,,https://www.flipkart.com/-/p/-?pid=SMWG3P66GJJPAHUQ,Amazfit smartwatch,Delhi,28.6139,77.209,2026-08-14 18:33:30.604184
Flipkart,SMWHM9TDY5C6HRTU,"AMAZFIT GTR 3 Pro, 1.45 AMOLED Display with BT Calling, GPS,12 Day Battery Smartwatch",AMAZFIT,Smartwatches,,,"Black Strap, Free Size",25999.0,9999.0,61.54082849340359,4.0,3.0,True,1,,https://www.flipkart.com/-/p/-?pid=SMWHM9TDY5C6HRTU,Amazfit smartwatch,Delhi,28.6139,77.209,2026-08-14 18:33:30.604067
Flipkart,TVSHAVHGVRBHBY9Q,TCL T6C 189 cm (75 inch) QLED Ultra HD (4K) Smart Google TV with HDR 10+ | Dolby Vision- Atmos 30W |120 Hz Game Accelerator (DLG) | Metallic Bezel-Less,TCL,Televisions,,,75T6C,179990.0,71990.0,60.00333351852881,4.2,1346.0,True,1,,https://www.flipkart.com/-/p/-?pid=TVSHAVHGVRBHBY9Q,TCL TV,Delhi,28.6139,77.209,2026-08-14 18:33:50.163607
Flipkart,MOBHN973BZYNQ9XZ,"MOTOROLA Edge 70 Fusion Snapdragon (Pantone COUNTRY AIR, 128 GB)",MOTOROLA,Smartphones,,,8 GB RAM,49999.0,28999.0,42.00084001680033,4.4,1682.0,True,1,,https://www.flipkart.com/-/p/-?pid=MOBHN973BZYNQ9XZ,Motorola smartphone,Delhi,28.6139,77.209,2026-08-14 18:32:18.018279
Flipkart,ACCHH58HWFPH9FZU,AIZINA Foldable Comfort Headphones with Mic & SD Card Slot_75 Bluetooth & Wired,AIZINA,Headphones/Earbuds,,,"Black, On the Ear",0.0,0.0,,0.0,0.0,True,1,,https://www.flipkart.com/-/p/-?pid=ACCHH58HWFPH9FZU,Sennheiser headphones,Delhi,28.6139,77.209,2026-08-14 18:33:10.432758
Flipkart,COMHP67DGMU72VNX,MICROSOFT Surface Pro 13 Inch Snapdragon X2 Plus - (24 GB/512 GB SSD/Windows 11 Home) EP2-73323 2 in 1 Laptop,MICROSOFT,Laptops,,,"13 inch, Platinum, 0.895 kg",245999.0,229990.0,6.507750031504194,0.0,0.0,True,1,,https://www.flipkart.com/-/p/-?pid=COMHP67DGMU72VNX,Microsoft Surface laptop,Delhi,28.6139,77.209,2026-08-14 18:32:50.975115
Flipkart,MOBHFQ6DSMZZDYZG,"realme GT 7T (Racing Yellow, 256 GB)",realme,Smartphones,,,12 GB RAM,42999.0,34499.0,19.767901579106493,4.4,546.0,True,1,,https://www.flipkart.com/-/p/-?pid=MOBHFQ6DSMZZDYZG,Realme smartphone,Delhi,28.6139,77.209,2026-08-14 18:32:30.946075
Flipkart,COMHF8KZGUMD7GHG,Acer Nitro V 15 Intel Core i5 13th Gen 13420H - (16 GB/512 GB SSD/Windows 11 Home/8 GB Graphics/NVIDIA GeForce RTX 5050) ANV15-52 Gaming Laptop,Acer,Laptops,,,"15.6 Inch, Obsidian Black, 2.113 Kg",114999.0,109990.0,4.3556900494786905,4.2,45.0,True,1,,https://www.flipkart.com/-/p/-?pid=COMHF8KZGUMD7GHG,Acer laptop,Delhi,28.6139,77.209,2026-08-14 18:32:38.072358
Flipkart,COMGYP5GNHJNKQKF,Apple MacBook Air M3 - (8 GB/512 GB SSD/macOS Sonoma) MRXP3HN/A,Apple,Laptops,,,"13 Inch, Space Grey, 1.24 Kg",124900.0,124900.0,0.0,4.7,29.0,True,1,,https://www.flipkart.com/-/p/-?pid=COMGYP5GNHJNKQKF,Apple MacBook,Delhi,28.6139,77.209,2026-08-14 18:32:57.747469
Flipkart,SMWFZGGFHHHWVT9D,FOSSIL Gen 5E Smartwatch,FOSSIL,Smartwatches,,,"Pink Strap, Free Size",18495.0,18495.0,0.0,4.0,20.0,True,1,,https://www.flipkart.com/-/p/-?pid=SMWFZGGFHHHWVT9D,Fossil smartwatch,Delhi,28.6139,77.209,2026-08-14 18:33:37.053708
Flipkart,MOBHEXHRWX8JYCZQ,"Google Pixel 10 Pro (Obsidian, 256 GB)",Google,Smartphones,,,16 GB RAM,109999.0,109999.0,0.0,4.6,56.0,True,1,,https://www.flipkart.com/-/p/-?pid=MOBHEXHRWX8JYCZQ,Google Pixel smartphone,Delhi,28.6139,77.209,2026-08-14 18:32:10.914147
Flipkart,MOBHGT68YJGMF89K,"realme 16 Pro+ 5G (Master Gold, 256 GB)",realme,Smartphones,,,8 GB RAM,45999.0,45999.0,0.0,4.5,163.0,True,1,,https://www.flipkart.com/-/p/-?pid=MOBHGT68YJGMF89K,Realme smartphone,Delhi,28.6139,77.209,2026-08-14 18:32:30.946065
Flipkart,MOBH2HJGHBFE2GZR,"Google Pixel 9 Pro (Obsidian, 256 GB)",Google,Smartphones,,,16 GB RAM,109999.0,109999.0,0.0,4.5,72.0,True,1,,https://www.flipkart.com/-/p/-?pid=MOBH2HJGHBFE2GZR,Google Pixel smartphone,Delhi,28.6139,77.209,2026-08-14 18:32:10.914229
Amazon,B0FC2Y3XGV,"Airdopes 219, 4Mics ENx, 40H Battery, Best in Segment for Calling, Stream Ad Free Music via App Support, Bluetooth Earbuds, TWS Ear Buds Wireless Earphones with mic (Carbon Black)",,Headphones/Earbuds,,,,3990.0,1099.0,72.45614035087719,3.8,7000.0,True,1,,https://www.amazon.in/dp/B0FC2Y3XGV,boAt earbuds,Guwahati,26.1445,91.7362,2026-08-14 20:45:09.567222
Amazon,B0CLRCTC58,"Crest 1.43” AMOLED Smart Watch with BT Calling, AI Morning Briefs, Functional Crown, Health Tracking, Aluminium Body, 100+ Sports Modes, Smartwatch for Men and Women - Black Silicone Strap",,Smartwatches,,,,11995.0,4499.0,62.49270529387244,4.0,852.0,True,1,,https://www.amazon.in/dp/B0CLRCTC58,Samsung smartwatch,Guwahati,26.1445,91.7362,2026-08-14 20:45:49.194719
Amazon,B0GWLJL55D,"Nord CE6 | 8GB+256GB | Pitch Black | Snapdragon 7s Gen 4 | Segment's Fastest Touch Response | 8000mAh Battery | 144Hz 1.5K AMOLED Display | 50MP Main + 32MP Selfie 4K Cameras | IP66,68,69,69K",,Smartphones,,,,43999.0,38999.0,11.363894633968954,4.3,2200.0,True,1,,https://www.amazon.in/dp/B0GWLJL55D,OnePlus smartphone,Guwahati,26.1445,91.7362,2026-08-14 20:44:27.171478
Amazon,B0DFWKK9Z6,"Buds T110 Bluetooth Truly Wireless in Ear Earbuds with mic, AI ENC for Calls, Google Fast Pair, 38 Hours Total Playback with Fast Charging and Low Latency Gaming Mode (Jazz Blue)",,Headphones/Earbuds,,,,2999.0,1399.0,53.351117039013005,3.9,1200.0,True,1,,https://www.amazon.in/dp/B0DFWKK9Z6,Realme earbuds,Guwahati,26.1445,91.7362,2026-08-14 20:45:16.199208
Amazon,B0GXBG2MNF,"2026 Launch Airdopes Plus 222 with Immersive Spatial Audio, 60 Hrs Battery, 13mm Drivers, Hearables App Support, Multi Connect, Voice Assistant TWS Earbuds with mic (Carbon Black)",,Headphones/Earbuds,,,,2499.0,899.0,64.02561024409763,3.9,7200.0,True,1,,https://www.amazon.in/dp/B0GXBG2MNF,boAt earbuds,Guwahati,26.1445,91.7362,2026-08-14 20:45:09.567235
Amazon,B0GLPKLJ6R,"New Live 780NC, Advanced Noise Cancellation 2.0 Wireless Headphones, Latest Technology (BT 6.0, Auracast, Hi-Res, LDAC, Spatial Sound, 6-mic, AI-Trained Algo) 80H Battery, 2Yrs* Warranty,Champagne | Bluetooth 6.0, Multipoint Connection, Up to 80 Hours Playtime, Customisable with the JBL Headphones App, Spatial Sound",,Headphones/Earbuds,,,,18999.0,14999.0,21.05373967050897,4.0,194.0,True,1,,https://www.amazon.in/dp/B0GLPKLJ6R,JBL headphones,Guwahati,26.1445,91.7362,2026-08-14 20:45:23.087209
Amazon,B0F4KBBKGM,"Heritage 1.43"" AMOLED Stainless Steel Bracelet Smart Watch for Men, BT Calling, Voice Assistant, Quick Health Measurement, Functional Crown, 3D UI, 60Hz Display, Fast Charging (Black)",,Smartwatches,,,,12495.0,9370.0,25.01000400160064,3.7,194.0,True,1,,https://www.amazon.in/dp/B0F4KBBKGM,Titan smartwatch,Guwahati,26.1445,91.7362,2026-08-14 20:45:56.666978
Amazon,B0FVLFTL4B,"Buds T310 Truly Wireless in-Ear Earbuds with 46dB Hybrid ANC, 360° Spatial Audio, 12.4mm Dynamic Bass Driver, Upto 40Hrs Battery and Fast Charging (Dome Green)",,Headphones/Earbuds,,,,3999.0,2199.0,45.0112528132033,4.3,220.0,True,1,,https://www.amazon.in/dp/B0FVLFTL4B,Realme earbuds,Guwahati,26.1445,91.7362,2026-08-14 20:45:16.199235
Amazon,B0DPS7FB4J,13 | Smarter with OnePlus AI | Lifetime Display Warranty |12GB RAM 256GB Storage Midnight Ocean | Official Smartphone for BGMS 2025,,Smartphones,,,,72999.0,59999.0,17.808463129631914,4.5,1800.0,True,1,,https://www.amazon.in/dp/B0DPS7FB4J,OnePlus smartphone,Guwahati,26.1445,91.7362,2026-08-14 20:44:27.171527
Amazon,B0GTYSL8KK,"15 (2026), AMD Athlon Dual Core 7120U - (8 GB DDR5/512 GB SSD/AMD Radeon 610M Graphics/Windows 11 Pro) Thin and Light Business Laptop/15.6"" HD Display/Turbo Silver/Copilot Key/1.5kg/MS Office",,Laptops,,,1.5kg,48510.0,42830.0,11.70892599464028,3.0,26.0,True,1,,https://www.amazon.in/dp/B0GTYSL8KK,HP 15 laptop,Guwahati,26.1445,91.7362,2026-08-14 20:44:51.027576
Amazon,B0GZN9ZPRG,"2026 Launch Airdopes Prime 800D, Surround Sound by Dolby Audio, 45H Battery, Quad Mic AI-ENx™, 11mm Drivers, ASAP™ Charge,App Support Wireless Bluetooth TWS Earbuds with mic(Swedish White)",,Headphones/Earbuds,,,,0.0,0.0,,4.1,4900.0,True,1,,https://www.amazon.in/dp/B0GZN9ZPRG,boAt earbuds,Guwahati,26.1445,91.7362,2026-08-14 20:45:09.567291
Amazon,B0GV1L119H,"15 (Previously Inspiron) Laptop, 14th Gen Intel Core i3/Core 3 100U Processor, 16GB DDR4, 512 SSD, Intel UHD Graphics, 15.6"" FHD 120Hz IPS AG 250 nit Display, Win 11 + Office 2024, Black, 1.63Kg",,Laptops,,,1.63Kg,72874.0,58990.0,19.05206246397892,4.0,1100.0,True,1,,https://www.amazon.in/dp/B0GV1L119H,Dell Vostro laptop,Guwahati,26.1445,91.7362,2026-08-14 20:44:56.937083
Amazon,B0FYQN4K1C,"15 Laptop, AMD Ryzen 7 7730U (16GB DDR4,512GB SSD) Anti-Glare, Micro-Edge,15.6''/39.6cm, FHD, Win11, M365 Basic(1yr),Office Home24,Silver,1.59kg,FHD Camera w/Privacy Shutter, Backlit KB, fc0761AU",,Laptops,,,1.59kg,95000.0,69900.0,26.421052631578945,4.0,29.0,True,1,,https://www.amazon.in/dp/B0FYQN4K1C,HP 15 laptop,Guwahati,26.1445,91.7362,2026-08-14 20:44:51.027615
Amazon,B0D2KGBVX4,"Brillia Smart Watch 2.02” Super AMOLED Display, Bluetooth Calling, SpO2, Heart Rate Monitor, 120+ Sports Modes, Fitness Tracker, Voice Assistant, Smart Watch for Man & Women",,Smartwatches,,,,18999.0,1999.0,89.47839359966314,4.0,22500.0,True,1,,https://www.amazon.in/dp/B0D2KGBVX4,Fire Boltt smartwatch,Guwahati,26.1445,91.7362,2026-08-14 20:45:35.781983
Amazon,B0GRB3FBBB,Nord 6 | 8GB+256GB | Pitch Black | Snapdragon 8s Gen 4 | Segment's First Stable 165FPS Gaming | Segment's Largest 9000mAh Battery | Most Complete IP Rating | Personalized AI,,Smartphones,,,,52999.0,44499.0,16.03803845355573,4.3,1700.0,True,1,,https://www.amazon.in/dp/B0GRB3FBBB,OnePlus smartphone,Guwahati,26.1445,91.7362,2026-08-14 20:44:27.171490
Amazon,B0FKM37XT7,"15 (2025), AMD Athlon 7120U Dual Core - (8 GB/256 GB SSD/AMD Radeon Graphics/Windows 11 Home) Thin and Light Business Laptop/15.6"" HD Display/Black/1.5 kg/MS Office 2021",,Laptops,,,1.5 kg,78690.0,41999.0,46.62727157199136,3.8,29.0,True,1,,https://www.amazon.in/dp/B0FKM37XT7,HP 15 laptop,Guwahati,26.1445,91.7362,2026-08-14 20:44:51.027579
Amazon,B0GGHQ229W,"Ninja Phantom Smart Watch 1.83” Display, Transparent Clear Body Design, Bluetooth Calling, 120+ Sports Modes, Voice Assistant, AI Outfit Watch Face Smartwatch for Men & Women Shadow Black",,Smartwatches,,,,19999.0,999.0,95.00475023751189,3.8,1700.0,True,1,,https://www.amazon.in/dp/B0GGHQ229W,Fire Boltt smartwatch,Guwahati,26.1445,91.7362,2026-08-14 20:45:35.781958
Amazon,B0F2Z2399K,"Talk Round Smart Watch 1.39″ TFT Display with Bluetooth Calling, Dual Button, Voice Assistance, SPO₂ & Heart Rate Monitor, 120+ Sports Modes, Smartwatch for Men & Women - Wine",,Smartwatches,,,,11999.0,999.0,91.67430619218268,3.8,292.0,True,1,,https://www.amazon.in/dp/B0F2Z2399K,Fire Boltt smartwatch,Guwahati,26.1445,91.7362,2026-08-14 20:45:35.781963
Amazon,B0GY75ZCZS,"15 (2026), AMD Ryzen 3 Quad Core 7335U - (8 GB DDR5/512 GB SSD/AMD Radeon 660M Graphics/Windows 11 Home) Thin and Light Business Laptop/15.6"" Display/Turbo Silver/Copilot Key/1.5kg/MS Office 2024",,Laptops,,,1.5kg,55255.0,47931.0,13.2549090580038,3.8,8.0,True,1,,https://www.amazon.in/dp/B0GY75ZCZS,HP 15 laptop,Guwahati,26.1445,91.7362,2026-08-14 20:44:51.027573
Amazon,B0GZNHB218,"2026 Launch Airdopes Joy v2, 35H Battery, Pocketable Design, ASAP™ Charge, 13mm Drivers, Easy Touch Controls, ENx™ Tech, IWP™ & App Support TWS Bluetooth Earbuds with mic (Dusty Rose)",,Headphones/Earbuds,,,,3490.0,799.0,77.10601719197707,3.9,10700.0,True,1,,https://www.amazon.in/dp/B0GZNHB218,boAt earbuds,Guwahati,26.1445,91.7362,2026-08-14 20:45:09.567202
Amazon,B0G48V56FV,"15 (Previously Inspiron), R5-7520U Processor, 8GB LPDDR5 RAM, 512GB SSD, FHD 15.6""/39.62 cm Display, Windows 11 Home, Carbon Black, 1.63kg, Standard Keyboard, 15 Month McAfee, Thin & Light Laptop",,Laptops,,,1.63kg,66306.0,49990.0,24.60712454378186,,,True,1,,https://www.amazon.in/dp/B0G48V56FV,Dell Vostro laptop,Guwahati,26.1445,91.7362,2026-08-14 20:44:56.937143
Amazon,B0FT7T3GZF,"Galaxy F07 (Green, 64 GB) (4 GB RAM)",,Smartphones,,,,0.0,0.0,,3.8,368.0,True,1,,https://www.amazon.in/dp/B0FT7T3GZF,Samsung Galaxy smartphone,Guwahati,26.1445,91.7362,2026-08-14 20:44:20.821126
Amazon,B0GYRK1RZC,"Smartchoice Aspire One, AMD Ryzen 3-7320U, 8GB LPDDR5 RAM/ 256GB SSD, 14.0""/35.56cm TN HD Display, Win 11 Home, Pure Silver, 1.48KG, A114-43, Thin and Light Laptop",,Laptops,,,1.48KG,71999.0,36990.0,48.62428644842289,3.6,38.0,True,1,,https://www.amazon.in/dp/B0GYRK1RZC,Dell Vostro laptop,Guwahati,26.1445,91.7362,2026-08-14 20:44:56.937164
Amazon,B0CG1Y3336,"Vortex Plus 1.46 AMOLED Display, AoD, BT Calling, Sleek Metal Finish, 7 Days Battery Life, All New OS with 100+ Watch Faces & Health Suite (Jet Black)",,Smartwatches,,,,6999.0,2299.0,67.15245035005,3.8,2900.0,True,1,,https://www.amazon.in/dp/B0CG1Y3336,Noise smartwatch,Guwahati,26.1445,91.7362,2026-08-14 20:45:43.047992
Amazon,B0H2H5QTJD,"Aspire 5, Intel Core Ultra 5 125H Processor,Office 2024 + M365 Basic, 16 GB RAM, 512 GB SSD, WUXGA IPS, 14.0""/35.56 cm, Win 11 Home, Pure Silver, 1.2 kg, A514-54H, Backlit KB, Premium Laptop",,Laptops,,,1.2 kg,99999.0,69990.0,30.009300093000927,4.5,4.0,True,1,,https://www.amazon.in/dp/B0H2H5QTJD,Acer Aspire laptop,Guwahati,26.1445,91.7362,2026-08-14 20:45:03.633287
Amazon,B0FV2Q4ZGP,"POCO M7 Plus 5G, Chrome Silver (4GB, 128GB)",,Smartphones,,,5G,16990.0,16990.0,0.0,2.7,103.0,True,1,,https://www.amazon.in/dp/B0FV2Q4ZGP,Poco smartphone,Guwahati,26.1445,91.7362,2026-08-14 20:44:38.950877
Amazon,B0DKFT2J9C,"Galaxy Watch 7 (44mm, Silver, BT+LTE) with 3nm Processor | Dual GPS | Sapphire Glass & Armour Aluminum | 5ATM & IP68 | HR, SpO2, BP & ECG Monitor",,Smartwatches,,,,39999.0,17990.0,55.02387559688992,4.5,107.0,True,1,,https://www.amazon.in/dp/B0DKFT2J9C,Samsung smartwatch,Guwahati,26.1445,91.7362,2026-08-14 20:45:49.194736
Amazon,B0H1JGWF81,"iQOO Z10 Lite 5G (Cyber Green 2026, 4GB RAM, 64GB Storage) | Dimensity 6300 5G Processor | 50MP Sony AI Camera | 6000 mAh Battery | IP64 Rated & Military Grade Shock-Resistance*",,Smartphones,,,5G,27999.0,16999.0,39.28711739704989,4.1,249.0,True,1,,https://www.amazon.in/dp/B0H1JGWF81,Poco smartphone,Guwahati,26.1445,91.7362,2026-08-14 20:44:38.950897
Amazon,B0F4RH8CHC,"Icon 5 Smartwatch with AI Watch Faces & AI Search, 1.95” AMOLED Display, 10 Days Battery, Bluetooth Calling, 100+ Sports Modes, IP68 (Starlight Gold)",,Smartwatches,,,,6999.0,1999.0,71.43877696813831,4.0,57.0,True,1,,https://www.amazon.in/dp/B0F4RH8CHC,Noise smartwatch,Guwahati,26.1445,91.7362,2026-08-14 20:45:43.048017
Amazon,B0CNRFYLV8,"Airdopes 163 in Ear Earbuds with 40 HRS Battery, Fast Charge, 13mm Drivers, IPX5, Quick Touch Response Control (Active Black) | 40 HRS Battery, Fast Charge, 13mm Drivers, IPX5, Quick Touch Response Control",,Headphones/Earbuds,,,,2490.0,899.0,63.89558232931727,3.7,2400.0,True,1,,https://www.amazon.in/dp/B0CNRFYLV8,boAt earbuds,Guwahati,26.1445,91.7362,2026-08-14 20:45:09.567278
Flipkart,SMWHKNRQV2F6PJXP,"Noise Icon 4 with Stunning 1.96'' AMOLED Display, Metallic Finish, BT Calling Smartwatch",Noise,Smartwatches,,,"Elite Silver Strap, Regular",6999.0,2599.0,62.86612373196171,4.1,2958.0,True,1,,https://www.flipkart.com/-/p/-?pid=SMWHKNRQV2F6PJXP,Noise smartwatch,Guwahati,26.1445,91.7362,2026-08-14 20:45:43.047810
Flipkart,SMWHJZU7Z9A3YQEX,"Fire-Boltt Ninja Blaze 1.83"" HD Display Stainless Steel Built Bluetooth Calling Metal Body Smartwatch",Fire-Boltt,Smartwatches,,,"Rose Quartz Strap, Free Size",19999.0,1299.0,93.50467523376167,4.1,13105.0,True,1,,https://www.flipkart.com/-/p/-?pid=SMWHJZU7Z9A3YQEX,Fire Boltt smartwatch,Guwahati,26.1445,91.7362,2026-08-14 20:45:35.781706
Flipkart,SMWH2EHFT5BNCR22,Samsung Galaxy Watch7 44mm BT,Samsung,Smartwatches,,,"Silver Strap, Large",35999.0,28999.0,19.44498458290508,4.5,1296.0,True,1,,https://www.flipkart.com/-/p/-?pid=SMWH2EHFT5BNCR22,Samsung smartwatch,Guwahati,26.1445,91.7362,2026-08-14 20:45:49.194423
Flipkart,MOBHZHQDFYJ2YYQU,"REDMI Turbo 5 5G (Turbo White, 256 GB)",REDMI,Smartphones,,,12 GB RAM,57999.0,49980.0,13.826100450007758,4.6,1.0,True,1,,https://www.flipkart.com/-/p/-?pid=MOBHZHQDFYJ2YYQU,Xiaomi Redmi smartphone,Guwahati,26.1445,91.7362,2026-08-14 20:44:32.497411
Flipkart,SMWGEH7V3NRGVPQ9,"Noise Colorfit Icon 2 1.8'' Display with Bluetooth Calling, AI Voice Assistant Smartwatch",Noise,Smartwatches,,,"Midnight Gold Strap, Regular",5999.0,1499.0,75.01250208368062,4.1,46365.0,True,1,,https://www.flipkart.com/-/p/-?pid=SMWGEH7V3NRGVPQ9,Noise smartwatch,Guwahati,26.1445,91.7362,2026-08-14 20:45:43.047904
Flipkart,COMGBNFUHREA8EJN,Lenovo IdeaPad Gaming 3 Intel Core i5 11th Gen 11300H - (8 GB/512 GB SSD/Windows 11 Home/4 GB Graphics/NVIDIA GeForce RTX 3050) IdeaPad Gaming 3 15IHU6D2 Gaming Laptop,Lenovo,Laptops,,,"15.6 Inch, Shadow Black, 2.25 kg, With MS Office",111800.0,79500.0,28.89087656529517,4.3,48.0,True,1,,https://www.flipkart.com/-/p/-?pid=COMGBNFUHREA8EJN,Lenovo IdeaPad laptop,Guwahati,26.1445,91.7362,2026-08-14 20:44:45.120389
Flipkart,ACCHNXYQCY9WWMPP,GOOD FUN High-Quality Bluetooth Headset with Microphone for Clear Communication._6X Bluetooth & Wired,GOOD FUN,Headphones/Earbuds,,,"Black, On the Ear",2999.0,348.0,88.39613204401468,0.0,0.0,True,1,,https://www.flipkart.com/-/p/-?pid=ACCHNXYQCY9WWMPP,Sony headphones,Guwahati,26.1445,91.7362,2026-08-14 20:45:29.334064
Flipkart,ACCH4GKCEQTCPZEE,"boAt Nirvana Crystl, Transparent Case, 360 Spatial Audio, 4 Mics ENx Technology Bluetooth",boAt,Headphones/Earbuds,,,"White Lustre, True Wireless",10990.0,1899.0,82.7206551410373,4.1,25.0,True,1,,https://www.flipkart.com/-/p/-?pid=ACCH4GKCEQTCPZEE,boAt earbuds,Guwahati,26.1445,91.7362,2026-08-14 20:45:09.567174
Flipkart,ACCH5XTGRKPF28A8,"JBL Tune Buds 2 TWS, ANC Earbuds, 48Hr Playtime,6 Mics,Dual Connect,Personi-Fi 3.0 Bluetooth",JBL,Headphones/Earbuds,,,"Black, True Wireless",9499.0,4499.0,52.63711969681019,3.9,80.0,True,1,,https://www.flipkart.com/-/p/-?pid=ACCH5XTGRKPF28A8,JBL headphones,Guwahati,26.1445,91.7362,2026-08-14 20:45:23.087116
Flipkart,ACCH5XTGHEBAJEH2,"JBL Wave Buds 2 ANC Earbuds with BTv5.3,Multi Connect,Fast Charge,40H runtime,4 Mics Bluetooth",JBL,Headphones/Earbuds,,,"Blue, True Wireless",6999.0,2699.0,61.43734819259894,3.7,314.0,True,1,,https://www.flipkart.com/-/p/-?pid=ACCH5XTGHEBAJEH2,JBL headphones,Guwahati,26.1445,91.7362,2026-08-14 20:45:23.087027
Flipkart,SMWHP3WZHH2T7QYF,"Samsung Galaxy Watch9 (40mm, LTE)",Samsung,Smartwatches,,,"Graphite Strap, Small",42999.0,41999.0,2.3256354798948813,0.0,0.0,True,1,,https://www.flipkart.com/-/p/-?pid=SMWHP3WZHH2T7QYF,Samsung smartwatch,Guwahati,26.1445,91.7362,2026-08-14 20:45:49.194583
Flipkart,MOBGDHV9RYDJHBWY,"OnePlus 9 5G (Arctic Sky, 128 GB)",OnePlus,Smartphones,,,8 GB RAM,42999.0,23832.0,44.57545524314519,3.6,64.0,True,1,,https://www.flipkart.com/-/p/-?pid=MOBGDHV9RYDJHBWY,OnePlus smartphone,Guwahati,26.1445,91.7362,2026-08-14 20:44:27.171335
Flipkart,ACCHDXHEK3T5BTUU,"boAt Airdopes 313, Glide Shell, ENx Tech, 75H Battery, Stream Ad Free Music via App Bluetooth",boAt,Headphones/Earbuds,,,"Gold Mist, True Wireless",3990.0,1099.0,72.45614035087719,4.1,488.0,True,1,,https://www.flipkart.com/-/p/-?pid=ACCHDXHEK3T5BTUU,boAt earbuds,Guwahati,26.1445,91.7362,2026-08-14 20:45:09.566994
Flipkart,ACCHDYCGHHJRNREF,"boAt Airdopes 212,Translucent Lid, 50H Battery,ENx Tech, Stream Ad Free Music via App Bluetooth",boAt,Headphones/Earbuds,,,"Ivory, In the Ear",3290.0,799.0,75.71428571428571,4.1,1736.0,True,1,,https://www.flipkart.com/-/p/-?pid=ACCHDYCGHHJRNREF,boAt earbuds,Guwahati,26.1445,91.7362,2026-08-14 20:45:09.567033
Flipkart,ACCH8GEKJHJDA2YZ,"boAt Airdopes 101v2, Flex Fit Tips,13mm Drivers, Stream Ad Free Music via App Support Bluetooth",boAt,Headphones/Earbuds,,,"Smoke White, True Wireless",3990.0,799.0,79.9749373433584,4.0,1642.0,True,1,,https://www.flipkart.com/-/p/-?pid=ACCH8GEKJHJDA2YZ,boAt earbuds,Guwahati,26.1445,91.7362,2026-08-14 20:45:09.567026
Flipkart,TVSHBWJEHE2BKVJN,Samsung 108 cm (43 inch) QLED Ultra HD (4K) Smart Tizen TV,Samsung,Televisions,,,QA43Q7FAAULXL,65900.0,39990.0,39.31714719271624,4.6,2.0,True,1,,https://www.flipkart.com/-/p/-?pid=TVSHBWJEHE2BKVJN,Samsung 43 inch TV,Guwahati,26.1445,91.7362,2026-08-14 20:46:04.040397
Flipkart,ACCHNXYQWJPJZRYG,GOOD FUN Over-Ear Bluetooth Headset for Gamers with Resonant Strong Bass_AG Bluetooth & Wired,GOOD FUN,Headphones/Earbuds,,,"Black, On the Ear",2999.0,348.0,88.39613204401468,4.0,0.0,True,1,,https://www.flipkart.com/-/p/-?pid=ACCHNXYQWJPJZRYG,Sony headphones,Guwahati,26.1445,91.7362,2026-08-14 20:45:29.334017
Flipkart,MOBGXGT7XCHTPRBJ,"OnePlus 12R (Iron Grey, 256 GB)",OnePlus,Smartphones,,,16 GB RAM,45999.0,39874.0,13.315506858844758,4.5,290.0,True,1,,https://www.flipkart.com/-/p/-?pid=MOBGXGT7XCHTPRBJ,OnePlus smartphone,Guwahati,26.1445,91.7362,2026-08-14 20:44:27.171275
Flipkart,SMWH2EHFZFHQTFSG,Samsung Galaxy Watch7 44mm BT,Samsung,Smartwatches,,,"Green Strap, Large",35999.0,32999.0,8.333564821245036,4.5,1296.0,True,1,,https://www.flipkart.com/-/p/-?pid=SMWH2EHFZFHQTFSG,Samsung smartwatch,Guwahati,26.1445,91.7362,2026-08-14 20:45:49.194562
Flipkart,MOBGDHUH68MSEPXG,"OnePlus 9R 5G (Carbon Black, 128 GB)",OnePlus,Smartphones,,,8 GB RAM,38999.0,20999.0,46.155029616144006,3.6,21.0,True,1,,https://www.flipkart.com/-/p/-?pid=MOBGDHUH68MSEPXG,OnePlus smartphone,Guwahati,26.1445,91.7362,2026-08-14 20:44:27.171280
Flipkart,MOBGDKXGHECPA4RR,"OnePlus 9RT 5G (Hacker Black, 128 GB)",OnePlus,Smartphones,,,8 GB RAM,42999.0,42998.0,0.0023256354798948,4.3,60.0,True,1,,https://www.flipkart.com/-/p/-?pid=MOBGDKXGHECPA4RR,OnePlus smartphone,Guwahati,26.1445,91.7362,2026-08-14 20:44:27.171386
Flipkart,TVSHJ7R4RSD35QZN,Wobble X Series 108 cm (43 inch) QLED Ultra HD (4K) Smart Google TV with MEMC Dolby Vision| 80W Dolby Atmos |ALLM 120Hz VRR,Wobble,Televisions,,,WB43QDXGU2875T24,50999.0,25999.0,49.02056903076531,3.5,3.0,True,1,,https://www.flipkart.com/-/p/-?pid=TVSHJ7R4RSD35QZN,LG 43 inch TV,Guwahati,26.1445,91.7362,2026-08-14 20:46:09.966057
Flipkart,SMWHEZH8FMWMVRBG,"Noise Force 2 Sporty Rugged, 1.39"" TruView Display, BT Calling, IP67 Water Resistance Smartwatch",Noise,Smartwatches,,,"Forest Green Strap, Regular",4999.0,2199.0,56.011202240448085,4.2,420.0,True,1,,https://www.flipkart.com/-/p/-?pid=SMWHEZH8FMWMVRBG,Noise smartwatch,Guwahati,26.1445,91.7362,2026-08-14 20:45:43.047875
Flipkart,SMWH2EHFNQMJHPHC,Samsung Galaxy Watch7 44mm LTE,Samsung,Smartwatches,,,"Green Strap, 44",39999.0,15499.0,61.2515312882822,4.5,1296.0,True,1,,https://www.flipkart.com/-/p/-?pid=SMWH2EHFNQMJHPHC,Samsung smartwatch,Guwahati,26.1445,91.7362,2026-08-14 20:45:49.194367
Flipkart,MOBHHQWGFRUKCEC3,"Samsung Galaxy M17e (Vibe Violet, 128 GB)",Samsung,Smartphones,,,6 GB RAM,20999.0,17398.0,17.14843563979237,4.1,56.0,True,1,,https://www.flipkart.com/-/p/-?pid=MOBHHQWGFRUKCEC3,Samsung Galaxy smartphone,Guwahati,26.1445,91.7362,2026-08-14 20:44:20.820952
Flipkart,ACCFZ95M5JTZQH3F,"boAt Rockerz 255 Pro+, 60H Battery, ASAP Charge, Stream Ad Free Music via App Support Bluetooth",boAt,Headphones/Earbuds,,,"Active Black, In the Ear",3990.0,1099.0,72.45614035087719,4.2,34492.0,True,1,,https://www.flipkart.com/-/p/-?pid=ACCFZ95M5JTZQH3F,boAt earbuds,Guwahati,26.1445,91.7362,2026-08-14 20:45:09.566968
Flipkart,MOBGN3C4MWPDUDYZ,"OnePlus 11R 5G (Galactic Silver, 128 GB)",OnePlus,Smartphones,,,8 GB RAM,39999.0,35999.0,10.000250006250155,4.5,693.0,True,1,,https://www.flipkart.com/-/p/-?pid=MOBGN3C4MWPDUDYZ,OnePlus smartphone,Guwahati,26.1445,91.7362,2026-08-14 20:44:27.171341
Flipkart,ACCGQZVZGBHHJFXE,"JBL Tune 770NC Active Noise Cancelling, 70Hr Playtime, Fast Pair & Multi Connect Bluetooth",JBL,Headphones/Earbuds,,,"Blue, On the Ear",9999.0,4999.0,50.00500050005,4.3,508.0,True,1,,https://www.flipkart.com/-/p/-?pid=ACCGQZVZGBHHJFXE,JBL headphones,Guwahati,26.1445,91.7362,2026-08-14 20:45:23.086835
Flipkart,ACCH5XTGUCXGYC78,"JBL Wave Buds 2 ANC Earbuds with BTv5.3,Multi Connect,Fast Charge,40H runtime,4 Mics Bluetooth",JBL,Headphones/Earbuds,,,"White, True Wireless",6999.0,2699.0,61.43734819259894,3.7,314.0,True,1,,https://www.flipkart.com/-/p/-?pid=ACCH5XTGUCXGYC78,JBL headphones,Guwahati,26.1445,91.7362,2026-08-14 20:45:23.087008
Flipkart,ACCGG25E95CKQGUP,SONY INZONE H3 MDR-G300 with 360 Spatial Sound and flip to Mute mic Gaming Wired Gaming,SONY,Headphones/Earbuds,,,"White, On the Ear",9990.0,4480.0,55.15515515515516,3.7,11.0,True,1,,https://www.flipkart.com/-/p/-?pid=ACCGG25E95CKQGUP,Sony headphones,Guwahati,26.1445,91.7362,2026-08-14 20:45:29.333910
Amazon,B0H1WX51F1,"Z11 Lite 44W 5G (Solar Flame, 6GB RAM, 128GB Storage) | 6500mAh Battery with 44W Fast Charging* | Dimensity 6300 with 579k+ AnTuTu Score* | OriginOS 6.0 with AI Creation* & Private Space*",,Smartphones,,,5G,38499.0,21499.0,44.15699109067768,3.2,34.0,True,1,,https://www.amazon.in/dp/B0H1WX51F1,Vivo smartphone,Hyderabad,17.385,78.4867,2026-08-14 20:13:06.306467
Amazon,B0DT74FF9P,"Vivobook 16, Smartchoice, Intel Core Ultra 5 Series 2, 16GB RAM, 512GB SSD, FHD+ 16"", Windows 11, Office Home 2024, Silver, 1.88kg, X1607CA-MB142WS, Intel iGPU, M365 Basic (1Year), AI Laptop",,Laptops,,,1.88kg,93990.0,77990.0,17.02308756250665,4.1,236.0,True,1,,https://www.amazon.in/dp/B0DT74FF9P,ASUS Vivobook laptop,Hyderabad,17.385,78.4867,2026-08-14 20:13:45.833563
Amazon,B0FRM3G9JF,"Omnibook 5 OLED (Previously Pavilion), Snapdragon X Processor 45 Tops (16GB LPDDR5x, 1TB SSD) 2K,16''/40.6cm, Win11, Office24, Silver, 1.59kg, fb0001QU, Multi-Day Battery AI Laptop",,Laptops,,,1.59kg,85965.0,80990.0,5.787238992613273,4.0,141.0,True,1,,https://www.amazon.in/dp/B0FRM3G9JF,HP Pavilion laptop,Hyderabad,17.385,78.4867,2026-08-14 20:13:33.015607
Amazon,B0D7PXC95D,"Celestor 1.43"" AMOLED Smart Watch with Built-in GPS, Advanced Health Intelligence, AI Voice Assistant, Aluminium Case, 100+ Sports Modes, Water Resistance – Smartwatch for Men & Women (Beige)",,Smartwatches,,,,9995.0,7500.0,24.96248124062031,4.0,494.0,True,1,,https://www.amazon.in/dp/B0D7PXC95D,OnePlus smartwatch,Hyderabad,17.385,78.4867,2026-08-14 20:14:30.080552
Amazon,B0GX9JK9SN,"Storm Call 4 India's first Smartwatch with Type-C Charging,1.96”(4.97 cm) HD Display, Functional Crown, BT Calling, Sports Modes, Heart Rate, SpO2, Sleep & Stress Tracking, SOS,IP68(Active Black)",,Smartwatches,,,,6499.0,1399.0,78.4736113248192,4.3,135.0,True,1,,https://www.amazon.in/dp/B0GX9JK9SN,OnePlus smartwatch,Hyderabad,17.385,78.4867,2026-08-14 20:14:30.080558
Amazon,B0BW8TXJJ2,"Nirvana Ion, 120HRS Battery, Crystal Bionic Sound w/Dual EQ Modes, 4Mics ENx, App Support, Low Latency, IPX4, v.5.2 Bluetooth Earbuds, TWS Ear Buds Wireless Earphones with mic (Charcoal Black)",,Headphones/Earbuds,,,,7990.0,1599.0,79.98748435544431,4.1,14000.0,True,1,,https://www.amazon.in/dp/B0BW8TXJJ2,JBL earbuds,Hyderabad,17.385,78.4867,2026-08-14 20:13:54.019930
Amazon,B0D6GK2871,"Pulse 4 Max Smart Watch with AI Create (India's 1st Ever with Unlimited Watch Faces), AI Search, 1.96"" AMOLED Display, Functional Crown, Premium Metallic Finish, Health Suite (Jet Black)",,Smartwatches,,,,6999.0,2499.0,64.29489927132448,4.0,85400.0,True,1,,https://www.amazon.in/dp/B0D6GK2871,OnePlus smartwatch,Hyderabad,17.385,78.4867,2026-08-14 20:14:30.080547
Amazon,B0GVFQD1JK,"A7 4G (Black, 3 GB RAM, 64GB Storage) | Large 17.48cm (6.88) Smooth 120Hz Display | 5200mAh 2-Day Battery | Royale Design | Charger in the Box | 17.48cm (6.88) 120Hz Display, 5200mAh 2-Day Battery, Royale Design, Charger in the Box",,Smartphones,,,4G,25999.0,12499.0,51.92507404130928,4.0,59.0,True,1,,https://www.amazon.in/dp/B0GVFQD1JK,Oppo smartphone,Hyderabad,17.385,78.4867,2026-08-14 20:13:11.945973
Amazon,B0H2DJ2SVJ,55 inches Mini LED 4K Samsung Vision AI Smart TV UA55M80HAULXL,,Televisions,,,,82900.0,66789.0,19.43425814234017,5.0,2.0,True,1,,https://www.amazon.in/dp/B0H2DJ2SVJ,Samsung 55 inch TV,Hyderabad,17.385,78.4867,2026-08-14 20:14:50.857115
Amazon,B0GTZ8WM5W,139 cms (55 inches) U8 AI Series 4K Ultra HD (3840 x 2160) Smart webOS LED TV 55NU870BPLA 2026,,Televisions,,,,85990.0,42990.0,50.00581462960809,3.9,5100.0,True,1,,https://www.amazon.in/dp/B0GTZ8WM5W,Samsung 55 inch TV,Hyderabad,17.385,78.4867,2026-08-14 20:14:50.857076
Amazon,B0FDQKTFWY,"Galaxy Watch8 Classic (46mm LTE, Black) with 3nm Processor | Dual GPS | Sapphire Glass & Stainless Steel | 5ATM & IP68 | BP, ECG, IHRN & Vascular Load Monitoring | Anti-oxidant Index",,Smartwatches,,,,59999.0,31999.0,46.667444457407626,4.2,174.0,True,1,,https://www.amazon.in/dp/B0FDQKTFWY,Samsung Galaxy Watch,Hyderabad,17.385,78.4867,2026-08-14 20:14:22.501459
Amazon,B0FJ8VXRFQ,126 cm (50 inches) FHD Smart QLED Google TV | Dolby Audio 24 watts | HDR 10 | Metallic Bezel-Less | Multiple Viewing Mode | 50S5K,,Televisions,,,,53990.0,31990.0,40.74828671976292,4.0,242.0,True,1,,https://www.amazon.in/dp/B0FJ8VXRFQ,OnePlus 55 inch TV,Hyderabad,17.385,78.4867,2026-08-14 20:15:10.107433
Amazon,B0G1T2GZP9,"Lunar Discovery Neo, 1.39"" (3.5 cm) Round HD Display, Premium Metallic Finish, Animated Watchfaces, 100+ Sports Mode, Bluetooth Calling, Smart Watch for Men & Women (Active Black)",,Smartwatches,,,,6999.0,1299.0,81.44020574367767,4.0,21600.0,True,1,,https://www.amazon.in/dp/B0G1T2GZP9,boAt smartwatch,Hyderabad,17.385,78.4867,2026-08-14 20:14:44.515738
Amazon,B0CY2PLQ8N,"15, AMD Ryzen 5 7520U,(16GB LPDDR5, 512GB SSD), Anti-Glare, Micro-Edge, FHD, 15.6''/39.6cm, Win 11, Office 24,M365 Basic(1yr)*,Silver, 1.59kg, fc0690au, FHD Camera, Backlit KB Laptop",,Laptops,,,1.59kg,66400.0,66400.0,0.0,3.9,207.0,True,1,,https://www.amazon.in/dp/B0CY2PLQ8N,HP Pavilion laptop,Hyderabad,17.385,78.4867,2026-08-14 20:13:33.015615
Amazon,B08KHT2HDT,Major IV Wireless Bluetooth On Ear Headphone with Mic (Black),,Headphones/Earbuds,,,,14999.0,9999.0,33.33555570371358,4.3,17000.0,True,1,,https://www.amazon.in/dp/B08KHT2HDT,Marshall headphones,Hyderabad,17.385,78.4867,2026-08-14 20:14:16.540795
Amazon,B0GTZ8DQ2X,139 cms (55 inches) Q65 AI Series 4K Ultra HD (3840 x 2160) Smart webOS Mini LED TV 55QNED65BLA 2026,,Televisions,,,,90990.0,53990.0,40.66380920980328,4.0,125.0,True,1,,https://www.amazon.in/dp/B0GTZ8DQ2X,LG 55 inch TV,Hyderabad,17.385,78.4867,2026-08-14 20:14:57.821903
Amazon,B0DMF4LP99,"Wave Call 2 Plus Smart Watch w/Bilingual Support (Hindi/English), 1.96”(4.97 cm) HD Display, BT Calling, 100+Sports Modes, Animated Watch Faces, Voice Assistant(Active Black)",,Smartwatches,,,,7499.0,1299.0,82.6776903587145,4.0,852.0,True,1,,https://www.amazon.in/dp/B0DMF4LP99,boAt smartwatch,Hyderabad,17.385,78.4867,2026-08-14 20:14:44.515780
Amazon,B0G4SFQGVF,"LinkBuds Clip Open-Ear Truly Wireless Earbuds, Comfortable & Secure Fit, Lightweight Clip-On Design, Touch Controls, Ambient Sound Awareness, Water Resistant, Up to 37 Hrs of Playback, Greige | Comfortable & Secure Fit, Lightweight, Touch Controls, Ambient Sound Awareness, IPX4 Water Resistant, Up to 37 Hrs of Battery",,Headphones/Earbuds,,,,24990.0,16990.0,32.01280512204882,4.2,244.0,True,1,,https://www.amazon.in/dp/B0G4SFQGVF,Sony earbuds,Hyderabad,17.385,78.4867,2026-08-14 20:14:02.281225
Amazon,B0FFHG2VGJ,"15 (Previously Inspiron) Laptop, 14th Gen Intel Core i3/Core 3 100U Processor, 8GB, 512GB, Intel UHD Graphics, 15.6"" FHD IPS 250nit Display, 12m Mcafee, Win 11 + MSO'24, Platinum Silver, 1.63kg",,Laptops,,,1.63kg,59990.0,56990.0,5.0008334722453744,3.4,11.0,True,1,,https://www.amazon.in/dp/B0FFHG2VGJ,Dell Inspiron laptop,Hyderabad,17.385,78.4867,2026-08-14 20:13:38.458899
Amazon,B0H3LKPC2K,N6 | 6GB+128GB | Midnight Green | Segment's Biggest 8000mAh Battery | Segment's Fastest 45W Charging | 60-Month Smoothness | Smooth 120Hz Display | 50MP Camera | Military-Grade Durability,,Smartphones,,,,33999.0,24998.0,26.47430806788435,3.8,522.0,True,1,,https://www.amazon.in/dp/B0H3LKPC2K,iQOO smartphone,Hyderabad,17.385,78.4867,2026-08-14 20:13:18.806096
Amazon,B0B5LW5DFQ,"Pulse Go Buzz Smart Watch with Advanced Bluetooth Calling, 1.69"" TFT Display, SpO2, 100 Sports Mode with Auto Detection, Upto 7 Days Battery (2 Days with Heavy Calling) - Rose Pink",,Smartwatches,,,,4999.0,1499.0,70.01400280056012,4.0,24800.0,True,1,,https://www.amazon.in/dp/B0B5LW5DFQ,Noise smartwatch,Hyderabad,17.385,78.4867,2026-08-14 20:14:37.030189
Amazon,B09D2V6Z2B,Galaxy Watch 4 Classic 42mm Smartwatch GPS Bluetooth WiFi - Silver,,Smartwatches,,,,34999.0,15490.0,55.74159261693191,4.2,150.0,True,1,,https://www.amazon.in/dp/B09D2V6Z2B,Samsung Galaxy Watch,Hyderabad,17.385,78.4867,2026-08-14 20:14:22.501527
Amazon,B0H2LPGG35,"A6c 4G (Feather White, 4GB RAM, 64GB Storage) | 7000mAh Long-Lasting Battery | 120Hz Ultra Bright Display | IP64 Protection | 13MP Camera-with No Cost EMI/Additional Exchange Offers",,Smartphones,,,4G,29999.0,16999.0,43.33477782592753,3.1,19.0,True,1,,https://www.amazon.in/dp/B0H2LPGG35,Oppo smartphone,Hyderabad,17.385,78.4867,2026-08-14 20:13:11.945976
Amazon,B0H33TYGPR,"K14x 5G, Prism Violet, 4GB RAM, 64GB Storage",,Smartphones,,,14x 5G,31999.0,17499.0,45.31391605987687,3.8,8.0,True,1,,https://www.amazon.in/dp/B0H33TYGPR,Oppo smartphone,Hyderabad,17.385,78.4867,2026-08-14 20:13:11.945964
Amazon,B0F3HWNTR1,139 cm (55 Inches) 4K UHD Smart QD-Mini LED Google TV | 144Hz Refresh Rate | 3GB RAM | 46W Onkyo 2.1 | Upto 512+ Zones | IMAX Enhanced | 55Q6C,,Televisions,,,,107990.0,59990.0,44.44856005185665,4.1,1600.0,True,1,,https://www.amazon.in/dp/B0F3HWNTR1,LG 55 inch TV,Hyderabad,17.385,78.4867,2026-08-14 20:14:57.821961
Amazon,B0GMFM31TT,"NARZO Power 5G (Titan Blue,8GB+256GB) 10001mAh Power. Stay Unstoppable. | 144Hz Curved+ AMOLED Display | Revolutionary Dual-Chip System | 50MP Sony OIS Camera",,Smartphones,,,5G,35999.0,29999.0,16.66712964249007,4.0,85.0,True,1,,https://www.amazon.in/dp/B0GMFM31TT,Realme smartphone,Hyderabad,17.385,78.4867,2026-08-14 20:13:00.395924
Amazon,B0GS5Y6BD3,"A7 Pro 5G (Mist Blue, 4GB RAM,128GB Storage) | Segment's Fastest Processor | Segment's Largest Battery | Segment's Largest & Smoothest 6.9in 120Hz Display",,Smartphones,,,5G,27999.0,15499.0,44.6444515875567,3.4,1600.0,True,1,,https://www.amazon.in/dp/B0GS5Y6BD3,Vivo smartphone,Hyderabad,17.385,78.4867,2026-08-14 20:13:06.306422
Amazon,B0FC69FZ5N,"Junior Champ 3 Smart Watch for Kids | 3-in-1 Look with 2 Switchable Bumpers, in-Built Learning Hub, Habit Builder, Exam & School Mode, SOS, 100+ Cloud Faces, Parental Control(Arctic Storm)",,Smartwatches,,,,3999.0,1999.0,50.01250312578145,4.0,318.0,True,1,,https://www.amazon.in/dp/B0FC69FZ5N,Noise smartwatch,Hyderabad,17.385,78.4867,2026-08-14 20:14:37.030228
Amazon,B0FRF1X9RM,"Inspiron for Business 5440, Ci3 13TH 1305U/ 8GB DDR5 RAM / 512GB / 14"" FHD/Ubuntu / 1Yr Warranty & 1 Yr ADP, with Ubuntu Installed and 1 Year Warranty Along with Backpack",,Laptops,,,,49339.0,47090.0,4.55826019984191,2.4,2.0,True,1,,https://www.amazon.in/dp/B0FRF1X9RM,Dell Inspiron laptop,Hyderabad,17.385,78.4867,2026-08-14 20:13:38.458928
Amazon,B0H3KZHC8L,"Y31 5G (Blush Red, 6GB RAM, 128GB Storage) with No Cost EMI/Additional Exchange Offers",,Smartphones,,,5G,44999.0,25999.0,42.223160514678106,,,True,1,,https://www.amazon.in/dp/B0H3KZHC8L,Vivo smartphone,Hyderabad,17.385,78.4867,2026-08-14 20:13:06.306433
Flipkart,SMWHNMPBYFZ59UFH,"boAt Wave Fury Pro w/ 1.83'' HD Display, Metal Body, BT Calling & Functional Crown Smartwatch",boAt,Smartwatches,,,"Midnight Black Strap, Free Size",6499.0,1399.0,78.4736113248192,4.3,21.0,True,1,,https://www.flipkart.com/-/p/-?pid=SMWHNMPBYFZ59UFH,boAt smartwatch,Hyderabad,17.385,78.4867,2026-08-14 20:14:44.515722
Flipkart,TVSHGB23MFXEDTGH,"Blaupunkt SonicQ 139 cm (55 inch) QLED Ultra HD (4K) Smart Google TV with MEMC , Dolby Vision - Atmos , 80W Sound Output , 4 Speaker , 550 Nits Brightness , Precise Dimming , HDR10+ , 120 Hz Refresh Rate , HLG , ALLM & VRR , Eyecare , Google Assistant , Bezel Less Design",Blaupunkt,Televisions,,,55SQ0707,49999.0,33999.0,32.00064001280026,4.1,84.0,True,1,,https://www.flipkart.com/-/p/-?pid=TVSHGB23MFXEDTGH,Sony 55 inch TV,Hyderabad,17.385,78.4867,2026-08-14 20:15:04.176999
Flipkart,TVSHMYS2BARSTNRE,"LG 126 cm (50 inch) Ultra HD (4K) LED Smart WebOS TV 2026 Edition with NANO Detail Enhancer, HDR10 Pro, 4K Super Upscaling Alpha7 AI Processor 4K Gen9, Dolby Atmos, AI Sound Pro (9.1.2 ch), Multi AI (Google Gemini & MS Copilot), Linear Flow Design, 60Hz VRR, 5 Years OS upgrade, Secured by LG Shield, LG Channels",LG,Televisions,,,50NU870BPLA,65990.0,39490.0,40.15759963630853,4.3,1306.0,True,1,,https://www.flipkart.com/-/p/-?pid=TVSHMYS2BARSTNRE,LG 55 inch TV,Hyderabad,17.385,78.4867,2026-08-14 20:14:57.821106
Flipkart,SMWHFNF629G9ZXKQ,"Fire-Boltt Axiom 1.43"" AMOLED Display Smartwatch BT Calling, Wireless Charging & Metal Case Smartwatch",Fire-Boltt,Smartwatches,,,"Orange Strap, Free Size",18999.0,1699.0,91.05742407495131,4.1,1011.0,True,1,,https://www.flipkart.com/-/p/-?pid=SMWHFNF629G9ZXKQ,OnePlus smartwatch,Hyderabad,17.385,78.4867,2026-08-14 20:14:30.080330
Flipkart,TVSHAEW6FGZKQ2AP,"realme TechLife 109 cm (43 inch) Ultra HD (4K) LED Smart Google TV with 5.0 with Dolby Audio, and 40 W downfiring speaker",realme TechLife,Televisions,,,43UHDGDRVSAB,40499.0,25999.0,35.803353169214056,4.4,667.0,True,1,,https://www.flipkart.com/-/p/-?pid=TVSHAEW6FGZKQ2AP,LG 55 inch TV,Hyderabad,17.385,78.4867,2026-08-14 20:14:57.821864
Flipkart,COMHZPHBFRBGGDPH,Lenovo LOQ Essential AMD Ryzen 7 Octa Core 7735HS - (16 GB/512 GB SSD/Windows 11 Home/6 GB Graphics/NVIDIA GeForce RTX 4050) LOQ 15ARP10E Gaming Laptop,Lenovo,Laptops,,,"15.6 inch, Light Grey, 1.8 kg, With MS Office",175590.0,114990.0,34.51221595762857,4.2,2.0,True,1,,https://www.flipkart.com/-/p/-?pid=COMHZPHBFRBGGDPH,Lenovo ThinkPad laptop,Hyderabad,17.385,78.4867,2026-08-14 20:13:25.249658
Flipkart,MOBHEP9WPESR5YHV,"OPPO K13 Turbo Pro 5G (Silver Knight, 256 GB)",OPPO,Smartphones,,,12 GB RAM,44999.0,33999.0,24.44498766639259,4.4,199.0,True,1,,https://www.flipkart.com/-/p/-?pid=MOBHEP9WPESR5YHV,Oppo smartphone,Hyderabad,17.385,78.4867,2026-08-14 20:13:11.945748
Flipkart,SMWH8AH6WWVHRNBS,"Fire-Boltt Hunter Pro 2.01"" HD Display Buetooth Calling Stainless Steel Straps Smartwatch",Fire-Boltt,Smartwatches,,,"Gold SS Strap, NA",16999.0,1099.0,93.53491381845993,4.1,60882.0,True,1,,https://www.flipkart.com/-/p/-?pid=SMWH8AH6WWVHRNBS,OnePlus smartwatch,Hyderabad,17.385,78.4867,2026-08-14 20:14:30.080460
Flipkart,SMWH32R2KWKAG4SW,Fastrack Revoltt Pro-1.97'' Super AMOLED Display|AOD|Working Crown|BT Calling|Fast Charge Smartwatch,Fastrack,Smartwatches,,,"Black Strap, Free Size",4999.0,2099.0,58.01160232046409,4.3,880.0,True,1,,https://www.flipkart.com/-/p/-?pid=SMWH32R2KWKAG4SW,OnePlus smartwatch,Hyderabad,17.385,78.4867,2026-08-14 20:14:30.080256
Flipkart,MOBHHHBTR7NAWRZV,"IQOO Z11x 5G (Titan Black, 128 GB)",IQOO,Smartphones,,,8 GB RAM,30999.0,28710.0,7.384109164811768,4.4,101.0,True,1,,https://www.flipkart.com/-/p/-?pid=MOBHHHBTR7NAWRZV,iQOO smartphone,Hyderabad,17.385,78.4867,2026-08-14 20:13:18.805593
Flipkart,ACCFFAHPHGR2VGUY,DRUMSTONE Wireless SH-12 with Tf card support function Bluetooth,DRUMSTONE,Headphones/Earbuds,,,"Black, On the Ear",1199.0,1188.0,0.9174311926605504,3.6,4.0,True,1,,https://www.flipkart.com/-/p/-?pid=ACCFFAHPHGR2VGUY,Marshall headphones,Hyderabad,17.385,78.4867,2026-08-14 20:14:16.540667
Flipkart,ACCGCRTVM3ZMC7JW,"TECHCLONE Laptop Keyboard Replacement T460S, T460P, X270, 00UR395, Internal Laptop-size Laptop Keyboard Compatible with Desktop, Laptop, Mac",TECHCLONE,Laptops,,,Black,3999.0,2736.0,31.58289572393098,0.0,0.0,True,1,,https://www.flipkart.com/-/p/-?pid=ACCGCRTVM3ZMC7JW,Lenovo ThinkPad laptop,Hyderabad,17.385,78.4867,2026-08-14 20:13:25.249719
Flipkart,COMGYHP5ZB4AGZH6,Lenovo IdeaPad Slim 3 Intel Core i5 12th Gen 12450H - (16 GB/512 GB SSD/Windows 11 Home) 14IAH8 Thin and Light Laptop,Lenovo,Laptops,,,"14 Inch, Arctic Grey, 1.37 Kg, With MS Office",69890.0,69890.0,0.0,4.2,136.0,True,1,,https://www.flipkart.com/-/p/-?pid=COMGYHP5ZB4AGZH6,Lenovo ThinkPad laptop,Hyderabad,17.385,78.4867,2026-08-14 20:13:25.249624
Flipkart,COMHERGNK3PCMMSU,DELL Inspiron 5440 (2025) Intel Core i3 13th Gen 1305U - (16 GB/512 GB SSD/Windows 11 Home) Inspiron 5440 Thin and Light Laptop,DELL,Laptops,,,"14 Inch, Ice Blue, 1.5 kg, With MS Office",68000.0,60720.0,10.705882352941176,4.0,26.0,True,1,,https://www.flipkart.com/-/p/-?pid=COMHERGNK3PCMMSU,Dell Inspiron laptop,Hyderabad,17.385,78.4867,2026-08-14 20:13:38.458574
Flipkart,TVSHM44HUBRAPYGV,TCL T6D 138.71 cm (55 inch) QLED Ultra HD (4K) Smart Google TV 2026 Edition with HDR10+ Dolby Vision- Atmos 28W HVA Panel TCL AI Slim & Uni body Design,TCL,Televisions,,,55T6D,76990.0,41990.0,45.46044940901416,4.2,1346.0,True,1,,https://www.flipkart.com/-/p/-?pid=TVSHM44HUBRAPYGV,LG 55 inch TV,Hyderabad,17.385,78.4867,2026-08-14 20:14:57.821126
Flipkart,COMGQ2TVQWSF2S7H,DELL Inspiron 5430 Intel Core i5 13th Gen - (16 GB/512 GB SSD/Windows 11 Home) IN54308TR2G001ORS1 Thin and Light Laptop,DELL,Laptops,,,"14 Inch, Platinum Silver, With MS Office",94000.0,76990.0,18.095744680851062,4.0,24.0,True,1,,https://www.flipkart.com/-/p/-?pid=COMGQ2TVQWSF2S7H,Dell Inspiron laptop,Hyderabad,17.385,78.4867,2026-08-14 20:13:38.458639
Flipkart,SMWHHR9PS2UCTGHH,"boAt Lunar Discovery Neo 1.39"" HD Display, Metallic Finish, BT Calling, Smart Watch Smartwatch",boAt,Smartwatches,,,"Olive Strap, Free Size",6999.0,1299.0,81.44020574367767,4.2,798.0,True,1,,https://www.flipkart.com/-/p/-?pid=SMWHHR9PS2UCTGHH,boAt smartwatch,Hyderabad,17.385,78.4867,2026-08-14 20:14:44.515497
Flipkart,TVSHAVHGM4ZFYNQJ,TCL 55Q6CS 139 cm (55 inch) Ultra HD (4K) Mini LED Smart Google TV with High HDR Brightness | 312+ Dimming Zones | AiPQ Processor | Dolby Vision-Atmos 40 W ONKYO 2.1 Hi-Fi System | IMAX Enhanced,TCL,Televisions,,,55Q6CS,98990.0,45990.0,53.54076169310032,4.2,413.0,True,1,,https://www.flipkart.com/-/p/-?pid=TVSHAVHGM4ZFYNQJ,OnePlus 55 inch TV,Hyderabad,17.385,78.4867,2026-08-14 20:15:10.107303
Flipkart,ACCGQQ2T77EFW8HQ,"Mivi Duopods D4, 50Hrs Playtime, HD Call, Fast Charging, IPX4, Voice Assistant, 5.3v Bluetooth",Mivi,Headphones/Earbuds,,,"Cobalt Black, True Wireless",2999.0,649.0,78.35945315105035,3.9,6725.0,True,1,,https://www.flipkart.com/-/p/-?pid=ACCGQQ2T77EFW8HQ,boAt headphones,Hyderabad,17.385,78.4867,2026-08-14 20:14:09.176064
Flipkart,ACCH5XTGUCXGYC78,"JBL Wave Buds 2 ANC Earbuds with BTv5.3,Multi Connect,Fast Charge,40H runtime,4 Mics Bluetooth",JBL,Headphones/Earbuds,,,"White, True Wireless",6999.0,2699.0,61.43734819259894,3.7,314.0,True,1,,https://www.flipkart.com/-/p/-?pid=ACCH5XTGUCXGYC78,JBL earbuds,Hyderabad,17.385,78.4867,2026-08-14 20:13:54.019778
Flipkart,SMWHBZPYNGMY9AZY,"PunnkFunnk Edge-Lite | 1.99 "" Amoled Display | BT Calling | AI Voice | Music | Fitness Smartwatch",PunnkFunnk,Smartwatches,,,"Black Strap, Regular Size",2999.0,838.0,72.05735245081694,3.8,367.0,True,1,,https://www.flipkart.com/-/p/-?pid=SMWHBZPYNGMY9AZY,OnePlus smartwatch,Hyderabad,17.385,78.4867,2026-08-14 20:14:30.080288
Flipkart,SMWH2EHFCDZZMZWX,Samsung Galaxy Watch7 40mm LTE,Samsung,Smartwatches,,,"Green Strap, Small",36999.0,33999.0,8.108327252087895,4.5,1296.0,True,1,,https://www.flipkart.com/-/p/-?pid=SMWH2EHFCDZZMZWX,Samsung Galaxy Watch,Hyderabad,17.385,78.4867,2026-08-14 20:14:22.501340
Flipkart,MOBHZF4TKZ9NCY97,"vivo Y51 Pro 5G (Golden Mist, 128 GB)",vivo,Smartphones,,,8 GB RAM,54999.0,30999.0,43.63715703921889,4.3,8.0,True,1,,https://www.flipkart.com/-/p/-?pid=MOBHZF4TKZ9NCY97,Vivo smartphone,Hyderabad,17.385,78.4867,2026-08-14 20:13:06.306339
Flipkart,COMHDXXUHGDCHMQX,DELL 15 (Previouly Inspiron) AMD Ryzen 5 Quad Core 7520U - (8 GB/512 GB SSD/Windows 11 Home) DC15255 / 15 D15260 Thin and Light Laptop,DELL,Laptops,,,"15 Inch, Carbon Black, 1.63 Kg, With MS Office",66000.0,49990.0,24.25757575757576,3.9,1.0,True,1,,https://www.flipkart.com/-/p/-?pid=COMHDXXUHGDCHMQX,Lenovo ThinkPad laptop,Hyderabad,17.385,78.4867,2026-08-14 20:13:25.249685
Flipkart,ACCHPCPYUN29MHG4,TruZen Premium Major Wireless Bluetooth Headset Deep Bass Z186 Bluetooth,TruZen,Headphones/Earbuds,,,"Black, On the Ear",7699.0,996.0,87.06325496817769,0.0,0.0,True,1,,https://www.flipkart.com/-/p/-?pid=ACCHPCPYUN29MHG4,Marshall headphones,Hyderabad,17.385,78.4867,2026-08-14 20:14:16.540634
Flipkart,COMHA9FK5XHYYAZJ,Lenovo IdeaPad Slim 3 WUXGA IPS with 1Yr ADP Intel Core i5 13th Gen 13420H - (16 GB/512 GB SSD/Windows 11 Home) 15IRH10 Thin and Light Laptop,Lenovo,Laptops,,,"15.3 inch, Luna Grey, 1.59 Kg, With MS Office",98490.0,69990.0,28.93694791349376,4.3,33.0,True,1,,https://www.flipkart.com/-/p/-?pid=COMHA9FK5XHYYAZJ,Lenovo ThinkPad laptop,Hyderabad,17.385,78.4867,2026-08-14 20:13:25.249692
Flipkart,COMGZDQJADMQCDGK,"ASUS Vivobook S 15 OLED Intel EVO H-Series, with Backlit Keyboard, Intel Core i9 13th Gen 13900H - (16 GB/1 TB SSD/Windows 11 Home) S5504VA-MA953WS Thin and Light Laptop",ASUS,Laptops,,,"15.6 Inch, Cool Silver, 1.70 Kg, With MS Office",134990.0,120790.0,10.519297725757465,3.8,9.0,True,1,,https://www.flipkart.com/-/p/-?pid=COMGZDQJADMQCDGK,ASUS Vivobook laptop,Hyderabad,17.385,78.4867,2026-08-14 20:13:45.833407
Flipkart,SMWH44GEEK2WDVHU,"boAt Lunar Discovery Emergency SOS, 1.39"" (3.53cm) HD Display & BT Calling Smartwatch Smartwatch",boAt,Smartwatches,,,"Active Black Strap, Free Size",8499.0,1399.0,83.5392399105777,4.0,2518.0,True,1,,https://www.flipkart.com/-/p/-?pid=SMWH44GEEK2WDVHU,boAt smartwatch,Hyderabad,17.385,78.4867,2026-08-14 20:14:44.515451
Flipkart,COMHEDHRGABJG29C,ASUS Vivobook 14 (2025) with Office 2024 + M365 Basic* (i5 14th Gen) Intel Core 5 120U - (16 GB/512 GB SSD/Windows 11 Home) X1404VAP-EB542WS | X1404VAP-EB1542WS Thin and Light Laptop,ASUS,Laptops,,,"14 Inch, Quiet Blue, 1.4 Kg, With MS Office",73990.0,66990.0,9.46073793755913,4.4,3.0,True,1,,https://www.flipkart.com/-/p/-?pid=COMHEDHRGABJG29C,ASUS Vivobook laptop,Hyderabad,17.385,78.4867,2026-08-14 20:13:45.833424
Flipkart,TVSHZFTKNJNGJKA5,LG 139 cm (55 inch) OLED Ultra HD (4K) Smart WebOS TV 2026 Edition with Alpha 11 AI Processor 4K Gen3 with Dual AI Engine| AI Picture Pro| Dolby Vision | AI Sound Pro Virtual 11.1.2|,LG,Televisions,,,OLED55C6PLA,219990.0,160900.0,26.86031183235601,0.0,0.0,True,1,,https://www.flipkart.com/-/p/-?pid=TVSHZFTKNJNGJKA5,LG 55 inch TV,Hyderabad,17.385,78.4867,2026-08-14 20:14:57.821058
Amazon,B0FQC2MJK2,"Pixel 10 Pro XL (Jade, 256 GB) (16 GB RAM)",,Smartphones,,,,149999.0,115250.0,23.166154441029608,3.1,5.0,True,1,,https://www.amazon.in/dp/B0FQC2MJK2,Google Pixel smartphone,Mumbai,19.076,72.8777,2026-08-14 19:43:34.279601
Amazon,B0H8XQ49B8,"Nothing Phone (4b), Black (8GB, 128GB)",,Smartphones,,,,54999.0,31482.0,42.75895925380461,4.2,4.0,True,1,,https://www.amazon.in/dp/B0H8XQ49B8,Nothing smartphone,Mumbai,19.076,72.8777,2026-08-14 19:43:47.860041
Amazon,B0FBS863JV,108cm (43 inches) Vibe Series 4K QLED Smart Google TV 43VIBE-DV,,Televisions,,,,40000.0,26490.0,33.775,4.2,2000.0,True,1,,https://www.amazon.in/dp/B0FBS863JV,OnePlus TV,Mumbai,19.076,72.8777,2026-08-14 19:45:08.709066
Amazon,B0GMJLFCR7,Galaxy Buds4 Pro (Black) in-Ear Wireless Earbuds with Hi-Fi Audio | Adaptive ANC 2.0 and EQ 2.0 | 2-Way Speaker | 360-Audio | Voice Detect | Live Translation | Head Gesture | IP57,,Headphones/Earbuds,,,,29999.0,20720.0,30.931031034367813,4.3,395.0,True,1,,https://www.amazon.in/dp/B0GMJLFCR7,Jabra earbuds,Mumbai,19.076,72.8777,2026-08-14 19:44:40.139131
Amazon,B0GVTDBDCP,K14 G 6GB RAM 256GB Storage (ICY Blue),,Smartphones,,,14 G,27999.0,23884.0,14.696953462623666,3.1,9.0,True,1,,https://www.amazon.in/dp/B0GVTDBDCP,Oppo smartphone,Mumbai,19.076,72.8777,2026-08-14 19:43:54.157542
Amazon,B0GXJ9LTJ1,"180L 2 Star Direct Cool Single Door Refrigerator with 5 Year Comprhensive Warranty, Jumbo Vegetale Tray, Toughened Glass shelves (RD EDGE 205BN THF PP BL, Pep Blue)",,Home Appliances,,,180L,20300.0,13190.0,35.02463054187192,3.7,46.0,True,1,,https://www.amazon.in/dp/B0GXJ9LTJ1,Godrej refrigerator,Mumbai,19.076,72.8777,2026-08-14 19:45:27.234517
Amazon,B0DBGP48NW,"Buds T310 True Wireless in-Ear Earbuds with 46dB Hybrid ANC, 360° Spatial Audio, 12.4mm Dynamic Bass Driver, Upto 40Hrs Battery and Fast Charging (Vibrant Black)",,Headphones/Earbuds,,,,3999.0,2019.0,49.512378094523626,4.2,9500.0,True,1,,https://www.amazon.in/dp/B0DBGP48NW,Jabra earbuds,Mumbai,19.076,72.8777,2026-08-14 19:44:40.139150
Amazon,B0GVNBSXLS,139 cm (55 inches) E8S Series ULED MiniLED Smart TV 55E8S (Black),,Televisions,,,,91999.0,57990.0,36.966706159849565,4.3,209.0,True,1,,https://www.amazon.in/dp/B0GVNBSXLS,Hisense TV,Mumbai,19.076,72.8777,2026-08-14 19:45:21.500517
Amazon,B0FP8MBC3X,"F31 5G (Cloud Green, 8GB RAM, 128GB Storage) with No Cost EMI/Bank Offers",,Smartphones,,,5G,39999.0,28949.0,27.62569064226605,4.2,459.0,True,1,,https://www.amazon.in/dp/B0FP8MBC3X,Oppo smartphone,Mumbai,19.076,72.8777,2026-08-14 19:43:54.157540
Amazon,B09D9MFRTN,"Charger Cable Compatible for Amazfit GTR 2, GTR 2e, GTR 2 e SIM, GTS 2 Mini, GTS 2e, GTS 2, BIP U, BIP U Pro, Pop Pro - USB Charging Cable 3 feet (Black) | Wide Model Compatibility Fits Amazfit GTR 2, GTR 2e, GTS 2, GTS 2 Mini, GTS 2e, BIP U, BIP U Pro & Samsung Galaxy Smartwatch",,Smartwatches,,,,299.0,249.0,16.722408026755854,3.8,4500.0,True,1,,https://www.amazon.in/dp/B09D9MFRTN,Amazfit smartwatch,Mumbai,19.076,72.8777,2026-08-14 19:44:54.583166
Amazon,B0CB9563MB,"Elite 8 Active True Wireless Earbuds – Bluetooth Sports Earbuds with Secure in-Ear Fit for All-Day Comfort - Military Grade Durability, Active Noise Cancellation, Dolby Surround Sound–Dark Grey",,Headphones/Earbuds,,,,49759.0,31707.0,36.2788641250829,4.0,798.0,True,1,,https://www.amazon.in/dp/B0CB9563MB,Jabra earbuds,Mumbai,19.076,72.8777,2026-08-14 19:44:40.139143
Amazon,B0H4GC4BFH,"325 L 3 Star Frost Free Triple Inverter Bottom Mount Refrigerator, Digital Touch Display & 2X Bigger Fresh Storage (HEB-333GBA-P, Graphite Black, 14 In 1 Convertible Modes, 2026 Model)",,Home Appliances,,,325 L,61790.0,41990.0,32.04402006797216,4.0,6.0,True,1,,https://www.amazon.in/dp/B0H4GC4BFH,Haier refrigerator,Mumbai,19.076,72.8777,2026-08-14 19:45:33.068599
Amazon,B0GPDK4MMN,"K14x 5G Smartphone, Prism Violet, 4GB RAM, 128GB Storage",,Smartphones,,,14x 5G,21999.0,18524.0,15.796172553297875,3.9,93.0,True,1,,https://www.amazon.in/dp/B0GPDK4MMN,Oppo smartphone,Mumbai,19.076,72.8777,2026-08-14 19:43:54.157550
Amazon,B0GPXTY8V5,"Bold N2 Lite (Kolar Gold, 3 GB RAM, 64 GB Storage) | 6.75"" HD+ Display | 13MP AI Dual Rear Camera | 5000 mAh Battery | Secure Face Unlock | Fingerprint Reader | Charger & Phone-Cover in Box",,Smartphones,,,,8999.0,8999.0,0.0,3.5,87.0,True,1,,https://www.amazon.in/dp/B0GPXTY8V5,Motorola smartphone,Mumbai,19.076,72.8777,2026-08-14 19:43:41.358369
Amazon,B0H6PZ61XD,55 Inch 55E7S Pro | Mini Dimming | Hi-QLED | Native 144Hz Game Mode | 48W Powerful Speakers | Gaming in Dolby Vision | Hands-Free Voice Control,,Televisions,,,,72999.0,53990.0,26.040082740859464,,,True,1,,https://www.amazon.in/dp/B0H6PZ61XD,Hisense TV,Mumbai,19.076,72.8777,2026-08-14 19:45:21.500539
Amazon,B0GV36HWDK,"F33 5G Smartphone (8GB RAM, 256GB Storage, Forest Green)|50MP AI Camera |7000mAh Long Battery |45W Fast Charging-with No Cost EMI/Bank Offers",,Smartphones,,,5G,55999.0,39999.0,28.57193878462116,4.2,15.0,True,1,,https://www.amazon.in/dp/B0GV36HWDK,Oppo smartphone,Mumbai,19.076,72.8777,2026-08-14 19:43:54.157552
Amazon,B0GPDJ1PRN,"K14x 5G Smartphone, 6GB RAM, 128GB Storage, ICY Blue, Dual Camera, 48-Month Fluency Protection",,Smartphones,,,14x 5G,40999.0,20599.0,49.75731115393059,4.0,111.0,True,1,,https://www.amazon.in/dp/B0GPDJ1PRN,Oppo smartphone,Mumbai,19.076,72.8777,2026-08-14 19:43:54.157527
Amazon,B0H9RYFB8Z,"A6c 4G (Stone Brown, 4GB RAM, 64GB Storage) | 7000mAh Long-Lasting Battery | 120Hz Ultra Bright Display | IP64 Protection | 13MP Camera -with No Cost EMI/Additional Exchange Offers",,Smartphones,,,4G,29999.0,14999.0,50.00166672222407,,,True,1,,https://www.amazon.in/dp/B0H9RYFB8Z,Oppo smartphone,Mumbai,19.076,72.8777,2026-08-14 19:43:54.157522
Amazon,B0DH2SRQ3L,"Watch 5 Lite, 1.96"" Amoled, Advanced in-Built GPS, 5 ATM, 18 Day Battery, Bluetooth Calling with AI Noise Reduction, Always on Display, Light Gold",,Smartwatches,,,,6999.0,3999.0,42.86326618088298,4.1,3200.0,True,1,,https://www.amazon.in/dp/B0DH2SRQ3L,Amazfit smartwatch,Mumbai,19.076,72.8777,2026-08-14 19:44:54.583172
Amazon,B0H8PRXFLY,"Nothing Phone (4b), White (8GB, 128GB)",,Smartphones,,,,54999.0,31794.0,42.19167621229477,4.2,4.0,True,1,,https://www.amazon.in/dp/B0H8PRXFLY,Nothing smartphone,Mumbai,19.076,72.8777,2026-08-14 19:43:47.860008
Amazon,B0GYYZ27F3,"Mustang Muscle Smart Watch 2.01'' 3D Curved Display, Convertible Strap, Premium Metallic Crown, BT Calling, 600 Nits Brightness, AI Assistant, IP68 (Extra Starp, White Armor)",,Smartwatches,,,,9999.0,2799.0,72.007200720072,4.1,753.0,True,1,,https://www.amazon.in/dp/B0GYYZ27F3,Fossil smartwatch,Mumbai,19.076,72.8777,2026-08-14 19:45:01.225490
Amazon,B0H2LPGG35,"A6c 4G (Feather White, 4GB RAM, 64GB Storage) | 7000mAh Long-Lasting Battery | 120Hz Ultra Bright Display | IP64 Protection | 13MP Camera-with No Cost EMI/Additional Exchange Offers",,Smartphones,,,4G,29999.0,16999.0,43.33477782592753,3.1,19.0,True,1,,https://www.amazon.in/dp/B0H2LPGG35,Oppo smartphone,Mumbai,19.076,72.8777,2026-08-14 19:43:54.157557
Amazon,B0FDBD6WMV,80 cm (32 inches) S4K Series Full HD Smart QLED Google TV 32S4K (2025 Model),,Televisions,,,,22990.0,16490.0,28.27316224445411,4.1,18.0,True,1,,https://www.amazon.in/dp/B0FDBD6WMV,TCL TV,Mumbai,19.076,72.8777,2026-08-14 19:45:14.436175
Amazon,B0F845MQ36,"215 cm (85 Inches) 4K Ultra HD Smart QLED TV | Dolby Vision Atmos, HDR10+ | 30W Powerful Speaker | AI 4K Upscaler | ALLM | MEMC | HDR 10+Decoding | Voice Control | VIDAA OS | 85E7Q (Black)",,Televisions,,,,224999.0,119999.0,46.66687407499589,4.0,410.0,True,1,,https://www.amazon.in/dp/B0F845MQ36,Hisense TV,Mumbai,19.076,72.8777,2026-08-14 19:45:21.500535
Amazon,B0H8PTLZWJ,"Surface Laptop 13.8"" - Snapdragon X2 Elite 12C - 16GB RAM - 512GB SSD - PixelSense Touchscreen - Black - Windows 11 Home Copilot+ PC - 8th Edition - EP2-59495 - Microsoft 365 for 6 Months*",,Laptops,,,,198999.0,182990.0,8.044764044040424,,,True,1,,https://www.amazon.in/dp/B0H8PTLZWJ,Microsoft Surface laptop,Mumbai,19.076,72.8777,2026-08-14 19:44:13.919606
Amazon,B0GP6YPGPC,"325 L 2 Star Frost Free Triple Inverter Double Door Bottom Mount Refrigerator, Digital Touch Display & 2X Bigger Fresh Storage (HEB-332GBA-P, GE Black, 14 In 1 Convertible Modes, 2026 Model)",,Home Appliances,,,325 L,0.0,0.0,,3.8,99.0,True,1,,https://www.amazon.in/dp/B0GP6YPGPC,Haier refrigerator,Mumbai,19.076,72.8777,2026-08-14 19:45:33.068581
Amazon,B0H33TYGPR,"K14x 5G, Prism Violet, 4GB RAM, 64GB Storage",,Smartphones,,,14x 5G,31999.0,17499.0,45.31391605987687,3.8,8.0,True,1,,https://www.amazon.in/dp/B0H33TYGPR,Oppo smartphone,Mumbai,19.076,72.8777,2026-08-14 19:43:54.157547
Amazon,B0GP76MN24,"237 L 2 Star Frost Free Twin Inverter Double Door Bottom Mount Refrigerator with Extra Spacious 2X Veg Box (HEB-242EGBA-P, GE Black, 2026 Model)",,Home Appliances,,,237 L,37690.0,26990.0,28.38949323427965,4.0,696.0,True,1,,https://www.amazon.in/dp/B0GP76MN24,Haier refrigerator,Mumbai,19.076,72.8777,2026-08-14 19:45:33.068594
Amazon,B0F9PGWSD9,"Newly Launched Airwave Max XR Wireless Over-Ear Headphones with 120H Playtime, ANC, HFA Tech, Spatial Audio, Dual Pairing,BT V6.0(Carbon Black)",,Headphones/Earbuds,,,,4999.0,2999.0,40.008001600320064,3.9,181.0,True,1,,https://www.amazon.in/dp/B0F9PGWSD9,Bose headphones,Mumbai,19.076,72.8777,2026-08-14 19:44:27.269350
Amazon,B0FTFCD25N,"K13x 5G 6000mAh and 45W SUPERVOOC Charger & AI (Breeze Blue, 128 GB) (6 GB RAM)",,Smartphones,,,13x 5G,22999.0,20999.0,8.696030262185312,4.3,636.0,True,1,,https://www.amazon.in/dp/B0FTFCD25N,Oppo smartphone,Mumbai,19.076,72.8777,2026-08-14 19:43:54.157532
Flipkart,ACCHFJB8JW9TWVA4,Bose ‎QuietComfort Headphones Bluetooth,Bose,Headphones/Earbuds,,,"Blue Dusk, On the Ear",27900.0,19900.0,28.673835125448026,4.6,15.0,True,1,,https://www.flipkart.com/-/p/-?pid=ACCHFJB8JW9TWVA4,Bose headphones,Mumbai,19.076,72.8777,2026-08-14 19:44:27.268962
Flipkart,RFRGNGYVZBWHHWA8,Godrej 223 L Frost Free Double Door 2 Star Refrigerator  with Advanced Inverter and 95%+ Food Surface Disinfection,Godrej,Home Appliances,,,"Steel Glow, RF EON 244B RI ST GL",33690.0,20790.0,38.29029385574355,4.3,352.0,True,1,,https://www.flipkart.com/-/p/-?pid=RFRGNGYVZBWHHWA8,Godrej refrigerator,Mumbai,19.076,72.8777,2026-08-14 19:45:27.234481
Flipkart,TVSHF74K6XAMSV8U,Hisense 65E75Q 164 cm (65 inch) QLED Ultra HD (4K) Smart VIDAA TV with 4 Speakers 48W Powerful Speakers| Dolby Vision Atmos| Cricket Mode,Hisense,Televisions,,,65E75Q,89999.0,49999.0,44.44493827709197,4.2,529.0,True,1,,https://www.flipkart.com/-/p/-?pid=TVSHF74K6XAMSV8U,Hisense TV,Mumbai,19.076,72.8777,2026-08-14 19:45:21.500376
Flipkart,MOBHN9GY5XWYY5AC,"LAVA Bold N1 5G (Champagne Gold, 128 GB)",LAVA,Smartphones,,,6 GB RAM,16999.0,16999.0,0.0,4.0,4.0,True,1,,https://www.flipkart.com/-/p/-?pid=MOBHN9GY5XWYY5AC,Nothing smartphone,Mumbai,19.076,72.8777,2026-08-14 19:43:47.859941
Flipkart,SMWFYGQ2GETXWX2T,"GARMIN Venu Sq, Smartwatch, Advanced Sleep Monitoring, Upto 6 Days of Battery, SPO2 Smartwatch",GARMIN,Smartwatches,,,"Grey Strap, M",20990.0,15999.0,23.777989518818483,4.4,16.0,True,1,,https://www.flipkart.com/-/p/-?pid=SMWFYGQ2GETXWX2T,Garmin smartwatch,Mumbai,19.076,72.8777,2026-08-14 19:44:47.615122
Flipkart,ACCGYKBQUBQFJCSK,"YAROH L38_T2 Bluetooth Earbuds: ANC, 1500mAh, LED, All Smartphone Compatible Bluetooth",YAROH,Headphones/Earbuds,,,"Black, In the Ear",1078.0,397.0,63.17254174397032,0.0,0.0,True,1,,https://www.flipkart.com/-/p/-?pid=ACCGYKBQUBQFJCSK,Jabra earbuds,Mumbai,19.076,72.8777,2026-08-14 19:44:40.139012
Flipkart,RFRHM4ARNGH75YFA,Godrej 244 L Frost Free Double Door 2 Star Refrigerator,Godrej,Home Appliances,,,"Onyx Black, RT EONCRYSTAL 280BN RI OB",40990.0,28990.0,29.27543303244694,0.0,0.0,True,1,,https://www.flipkart.com/-/p/-?pid=RFRHM4ARNGH75YFA,Godrej refrigerator,Mumbai,19.076,72.8777,2026-08-14 19:45:27.234433
Flipkart,ACCGM3NGCCDZKGKS,myxes Earbuds Bluetooth V5.1 True Wireless stereo Bluetooth,myxes,Headphones/Earbuds,,,"Black, In the Ear",1999.0,378.0,81.09054527263632,3.6,485.0,True,1,,https://www.flipkart.com/-/p/-?pid=ACCGM3NGCCDZKGKS,Jabra earbuds,Mumbai,19.076,72.8777,2026-08-14 19:44:40.138903
Flipkart,RFRHHPHMDDNVYNXF,"Haier 475 L Frost Free Double Door Top Mount 1 Star Refrigerator  with Twin Inverter , Solar Connect for Power Backup & Dual Magic Zone for Flexible Storage ( 2026 Model)",Haier,Home Appliances,,,"Graphite Black, HRF-5251BGKA-N",86290.0,53490.0,38.01135705180207,5.0,1.0,True,1,,https://www.flipkart.com/-/p/-?pid=RFRHHPHMDDNVYNXF,Haier refrigerator,Mumbai,19.076,72.8777,2026-08-14 19:45:33.068497
Flipkart,MOBHJQQ4JWFJQCGC,"OPPO K14x 5G (Icy Blue, 128 GB)",OPPO,Smartphones,,,4 GB RAM,17999.0,17999.0,0.0,4.3,695.0,True,1,,https://www.flipkart.com/-/p/-?pid=MOBHJQQ4JWFJQCGC,Oppo smartphone,Mumbai,19.076,72.8777,2026-08-14 19:43:54.157398
Flipkart,RFRHKMPPTWY5ADBS,"Haier 165 L Direct Cool Single Door 1 Star Refrigerator  with Diamond Edge Freezing Technology, Easy Clean Back, Large Vegetable Box ( 2026 Model)",Haier,Home Appliances,,,"Moon Silver, HED-171MSA-P",16590.0,11490.0,30.74141048824593,4.2,316.0,True,1,,https://www.flipkart.com/-/p/-?pid=RFRHKMPPTWY5ADBS,Haier refrigerator,Mumbai,19.076,72.8777,2026-08-14 19:45:33.068523
Flipkart,MOBHDY9PVAHGDHWG,"OPPO K13x 5G 6000mAh and 45W SUPERVOOC Charger & AI (Sunset Peach, 128 GB)",OPPO,Smartphones,,,6 GB RAM,16999.0,16999.0,0.0,4.4,4882.0,True,1,,https://www.flipkart.com/-/p/-?pid=MOBHDY9PVAHGDHWG,Oppo smartphone,Mumbai,19.076,72.8777,2026-08-14 19:43:54.157503
Flipkart,RFRGT4YJGZYGGFVZ,"Haier 325 L Frost Free Double Door Bottom Mount 3 Star Convertible Refrigerator  with 3-Star 14 In 1 Convertible Modes, 1 Hour Icing Technology, Digital Control Panel",Haier,Home Appliances,,,"GE Black, HEB-333GB-P",54990.0,35490.0,35.46099290780142,4.4,172.0,True,1,,https://www.flipkart.com/-/p/-?pid=RFRGT4YJGZYGGFVZ,Haier refrigerator,Mumbai,19.076,72.8777,2026-08-14 19:45:33.068538
Flipkart,MOBHEP9WSHND47SQ,"OPPO K13 Turbo Pro 5G (Midnight Maverick, 256 GB)",OPPO,Smartphones,,,8 GB RAM,41999.0,31999.0,23.810090716445632,4.4,166.0,True,1,,https://www.flipkart.com/-/p/-?pid=MOBHEP9WSHND47SQ,Oppo smartphone,Mumbai,19.076,72.8777,2026-08-14 19:43:54.157439
Flipkart,RFRGSRN6W4FMXGFD,Godrej 233 L Frost Free Double Door 2 Star Refrigerator,Godrej,Home Appliances,,,"Steel Glow, RT EONALPHA 270B RI ST GL",32800.0,22990.0,29.90853658536585,0.0,0.0,True,1,,https://www.flipkart.com/-/p/-?pid=RFRGSRN6W4FMXGFD,Godrej refrigerator,Mumbai,19.076,72.8777,2026-08-14 19:45:27.234449
Flipkart,SMWHEYHAZW4FGYGS,"PunnkFunnk SAFEGUARD Sim Calling Watch, 2.01"" Amoled Display, SOS, Camera, Game, GPS, 5G/4G Smartwatch",PunnkFunnk,Smartwatches,,,"Blue Strap, Free Size",5999.0,3024.0,49.59159859976663,2.8,0.0,True,1,,https://www.flipkart.com/-/p/-?pid=SMWHEYHAZW4FGYGS,Fossil smartwatch,Mumbai,19.076,72.8777,2026-08-14 19:45:01.225448
Flipkart,MOBHKQYY9JJPHATW,"OPPO K14 5G (Prism White, 128 GB)",OPPO,Smartphones,,,6 GB RAM,25999.0,23999.0,7.692603561675448,4.5,296.0,True,1,,https://www.flipkart.com/-/p/-?pid=MOBHKQYY9JJPHATW,Oppo smartphone,Mumbai,19.076,72.8777,2026-08-14 19:43:54.157411
Flipkart,ACCGYKCYEFRHZFDH,"YAROH P38_T2 Bluetooth Earbuds: ANC, 1500mAh, LED, All Smartphone Compatible Bluetooth",YAROH,Headphones/Earbuds,,,"Black, In the Ear",1078.0,397.0,63.17254174397032,0.0,0.0,True,1,,https://www.flipkart.com/-/p/-?pid=ACCGYKCYEFRHZFDH,Jabra earbuds,Mumbai,19.076,72.8777,2026-08-14 19:44:40.139036
Flipkart,RFRHKMPP9UPCPM83,"Haier 325 L Frost Free Double Door Bottom Mount 2 Star Refrigerator  with Triple Inverter , Bottom Mount , 14 In 1 Convertible Modes, Digital Touch Display,(2026 Model)",Haier,Home Appliances,,,"GE Black, HEB-332GBA-P",59690.0,37890.0,36.5220304908695,4.4,172.0,True,1,,https://www.flipkart.com/-/p/-?pid=RFRHKMPP9UPCPM83,Haier refrigerator,Mumbai,19.076,72.8777,2026-08-14 19:45:33.068525
Flipkart,MOBHKQYYEP5PV9RH,"OPPO K14 5G (Prism Violet, 128 GB)",OPPO,Smartphones,,,6 GB RAM,25999.0,23999.0,7.692603561675448,4.5,296.0,True,1,,https://www.flipkart.com/-/p/-?pid=MOBHKQYYEP5PV9RH,Oppo smartphone,Mumbai,19.076,72.8777,2026-08-14 19:43:54.157424
Flipkart,RFRHHHFBE8CA8ZSG,Godrej 308 L Frost Free Double Door 2 Star Refrigerator  with AI Powered 4-in-1 Freezer Convertible 30 Days Farm Freshness 95%+ Food Surface Disinfection,Godrej,Home Appliances,,,"Steal Rush, RF EON 331BN RCIT ST RH",49590.0,32290.0,34.88606573906029,4.1,39.0,True,1,,https://www.flipkart.com/-/p/-?pid=RFRHHHFBE8CA8ZSG,Godrej refrigerator,Mumbai,19.076,72.8777,2026-08-14 19:45:27.234486
Flipkart,MOBHEHZHECAUNP3R,"IQOO Z10R 5G (Aquamarine, 256 GB)",IQOO,Smartphones,,,8 GB RAM,32999.0,32990.0,0.0272735537440528,4.4,470.0,True,1,,https://www.flipkart.com/-/p/-?pid=MOBHEHZHECAUNP3R,Nothing smartphone,Mumbai,19.076,72.8777,2026-08-14 19:43:47.859947
Flipkart,ACCHP9TQ9G6H9ZWT,BeastBass Buds 2A TWS 40H Playtime BT 5.3 ENC Mic AJF Bluetooth,BeastBass,Headphones/Earbuds,,,"Black, True Wireless",2499.0,475.0,80.9923969587835,0.0,0.0,True,1,,https://www.flipkart.com/-/p/-?pid=ACCHP9TQ9G6H9ZWT,Jabra earbuds,Mumbai,19.076,72.8777,2026-08-14 19:44:40.138915
Flipkart,SMWFQMEJRBWEDAAN,FOSSIL Charter Hybrid HR Smartwatch Smartwatch,FOSSIL,Smartwatches,,,"Pink Strap, Regular",14995.0,14995.0,0.0,4.0,4.0,True,1,,https://www.flipkart.com/-/p/-?pid=SMWFQMEJRBWEDAAN,Fossil smartwatch,Mumbai,19.076,72.8777,2026-08-14 19:45:01.225434
Flipkart,RFRHHPGWGWKZVWYE,"LG 185 L Direct Cool Single Door 5 Star Refrigerator with Base Drawer  with Smart Inverter Compressor, Runs on Home Inverter, Fit Max Chiller Tray & 2026 Model",LG,Home Appliances,,,"Purple Bloom, GLD1956ZAPB",26290.0,18490.0,29.669075694180297,4.5,1999.0,True,1,,https://www.flipkart.com/-/p/-?pid=RFRHHPGWGWKZVWYE,Haier refrigerator,Mumbai,19.076,72.8777,2026-08-14 19:45:33.068489
Flipkart,MOBHKZF3DGME8JHG,"OPPO K14x 5G (Prism Violet, 64 GB)",OPPO,Smartphones,,,4 GB RAM,19999.0,17999.0,10.000500025001251,4.3,695.0,True,1,,https://www.flipkart.com/-/p/-?pid=MOBHKZF3DGME8JHG,Oppo smartphone,Mumbai,19.076,72.8777,2026-08-14 19:43:54.157427
Flipkart,ACCHNUJ86FFWZKRP,BIRLA MOBILE HUB TWS AIRPRO Black Earbud Bluetooth_26 Bluetooth,BIRLA MOBILE HUB,Headphones/Earbuds,,,"Black, True Wireless",999.0,272.0,72.77277277277278,0.0,0.0,True,1,,https://www.flipkart.com/-/p/-?pid=ACCHNUJ86FFWZKRP,Jabra earbuds,Mumbai,19.076,72.8777,2026-08-14 19:44:40.138851
Flipkart,TVSHKCSVB57B5PKS,Hisense 139 cm (55 inch) Ultra HD (4K) LED Smart Google TV,Hisense,Televisions,,,55E6S,54999.0,35990.0,34.562446589938,4.1,259.0,True,1,,https://www.flipkart.com/-/p/-?pid=TVSHKCSVB57B5PKS,Hisense TV,Mumbai,19.076,72.8777,2026-08-14 19:45:21.500433
Flipkart,ACCHP9TG2CBHPUM9,BeastBass Buds 2A TWS 40H Playtime BT 5.3 ENC Mic AEB Bluetooth,BeastBass,Headphones/Earbuds,,,"Black, True Wireless",2499.0,475.0,80.9923969587835,4.3,0.0,True,1,,https://www.flipkart.com/-/p/-?pid=ACCHP9TG2CBHPUM9,Jabra earbuds,Mumbai,19.076,72.8777,2026-08-14 19:44:40.138837
Flipkart,MOBHB392HWDHA8HH,"OPPO K13 5G with 7000mAh and 80W SUPERVOOC Charger In-The-Box (Icy Purple, 256 GB)",OPPO,Smartphones,,,8 GB RAM,24999.0,23999.0,4.000160006400256,4.4,6186.0,True,1,,https://www.flipkart.com/-/p/-?pid=MOBHB392HWDHA8HH,Oppo smartphone,Mumbai,19.076,72.8777,2026-08-14 19:43:54.157408
